,blue_gold,blue_kda,blue_win,blue_towers,blue_barons,blue_dragons,blue_mastery,red_gold,red_kda,red_win,red_towers,red_barons,red_dragons,red_mastery,win,teamId,id
0,43.99813385646278,3.7120466004583648,0.68,5.56,0.36,1.64,1484578,44.77488273816841,4.632173160173159,0.56,5.0,0.48,1.52,865363,1,100,BR1_2332023009
1,49.35365560460546,4.116187590187591,0.48,5.2,0.32,1.44,1143966,47.67791324238559,4.681955266955267,0.56,6.08,0.64,1.88,187976,1,200,BR1_2331869184
2,43.11328463692004,3.9800952380952377,0.48,4.88,0.48,1.52,227362,41.531938400980486,3.264167812579577,0.68,5.52,0.36,1.68,419139,1,200,BR1_2331846144
3,43.13293762202783,4.172079365079366,0.36,4.56,0.2,1.52,1241941,40.11694940296415,3.4844718614718606,0.64,5.6,0.64,2.0,3263248,1,200,BR1_2331699359
4,48.039552495594215,2.728313797313798,0.64,5.64,0.32,1.52,412685,42.03441790423088,3.1502698412698407,0.56,5.72,0.48,1.88,323030,1,200,BR1_2331717806
5,37.69048928089241,4.442431457431457,0.68,6.8,0.76,1.92,429008,40.364646552123645,4.3204126984126985,0.84,7.28,0.44,1.84,635263,1,200,BR1_2329939364
6,53.37112876897443,2.844666666666667,0.6,4.56,0.24,1.2,1573927,41.99621759917034,4.520666666666667,0.84,7.08,0.4,1.92,28687,1,200,BR1_2329954426
7,45.01928776543162,3.006359418359418,0.28,2.48,0.08,1.0,154901,43.48947870650744,4.471523809523809,0.72,6.4,0.44,1.84,246929,1,200,BR1_2329911311
8,45.55307649944611,2.3120909090909088,0.44,3.24,0.24,1.08,1397428,43.14601115733692,4.1380086580086575,0.76,6.24,0.36,1.84,44500,1,200,BR1_2329887539
9,46.22378155046782,4.499746031746031,0.72,6.16,0.36,1.84,1173367,42.02524389603524,2.404527583527583,0.44,4.52,0.56,1.48,136767,1,100,BR1_2329847327
10,39.55496380393267,4.472686868686869,0.44,4.44,0.44,1.52,3461236,45.180451821031696,3.8662288822288833,0.64,5.32,0.28,1.2,2455618,0,100,BR1_2332195604
11,38.25456014398903,3.3264329004329003,0.48,4.08,0.16,1.2,2920426,40.35011174070416,2.280196692196692,0.28,4.2,0.44,1.44,5826729,1,100,BR1_2332230674
12,39.553824233885415,4.162670995670996,0.64,4.6,0.4,1.88,652465,42.38113165216028,3.321888888888888,0.44,4.44,0.52,1.28,1922362,1,100,BR1_2332142759
13,40.94516961801337,2.9363722943722945,0.44,5.28,0.52,1.48,2169142,38.32880465898807,3.2040202020202013,0.36,3.52,0.2,1.36,3834857,0,200,BR1_2331890843
14,42.75580815043163,2.8664805194805183,0.48,4.04,0.2,1.16,828558,43.1825838616717,4.4839962259962265,0.4,4.28,0.44,1.2,578839,0,100,BR1_2331707059
15,52.994095901565714,4.762711843711844,0.56,5.64,0.52,1.48,537864,37.93784211675948,3.0387186147186145,0.6,4.88,0.44,1.68,771442,1,200,BR1_2329111878
16,39.83766332687114,3.129139860139861,0.48,4.84,0.28,1.56,3434546,45.83709703215512,3.828612276612276,0.6,3.6,0.28,1.08,709711,1,200,BR1_2329019652
17,46.54759228720166,3.2809235209235204,0.6,4.48,0.24,1.4,837064,45.97668672517442,3.6894444444444447,0.6,5.56,0.32,1.48,1346697,1,100,BR1_2329037701
18,49.07083480915149,3.4018263841421725,0.56,4.48,0.2,1.4,1414297,49.04775497424192,4.722206349206349,0.52,5.68,0.44,1.36,164902,1,100,BR1_2328632432
19,45.28872989204699,4.811249639249639,0.52,4.6,0.28,1.24,2518629,48.747354351343866,3.690254356754356,0.72,5.84,0.28,1.88,414472,1,100,BR1_2328337283
20,47.807684525857766,2.8921416361416363,0.52,5.28,0.36,1.32,2682408,51.31298325654024,3.535174159174159,0.6,4.76,0.24,1.6,438503,1,200,BR1_2331825455
21,43.76417550919557,2.547249861249861,0.44,4.28,0.2,1.4,4848373,40.64336531441191,5.299474747474748,0.56,4.44,0.2,1.44,4327558,0,100,BR1_2331863080
22,48.85235275541034,3.667286935286936,0.56,4.6,0.32,1.48,2986845,44.11857123678401,3.586961371961372,0.4,5.44,0.48,1.56,495596,1,200,BR1_2331861371
23,37.97813957355455,3.260138528138528,0.56,5.92,0.52,1.8,1438450,40.47727558972693,2.582396825396825,0.52,4.96,0.56,1.8,2164126,0,100,BR1_2328978241
24,38.800344675604016,3.152365079365079,0.44,4.88,0.52,1.68,1980036,42.74472883289566,3.642244977244977,0.56,5.2,0.48,1.88,532536,1,200,BR1_2328976596
25,40.42979175244829,2.773582972582972,0.52,5.8,0.56,1.56,1885623,41.42566397947394,3.355428571428572,0.44,4.84,0.56,2.16,2220429,1,100,BR1_2328919050
26,45.74694775538066,4.059877344877345,0.48,4.88,0.32,1.52,7092406,42.76888422642629,3.012095238095239,0.56,5.24,0.4,1.8,521751,1,200,BR1_2328940817
27,47.85838394848551,3.326255411255411,0.52,3.16,0.12,1.24,1296944,44.56497421730396,4.150832611832612,0.64,5.12,0.36,1.68,2367099,0,200,BR1_2327206269
28,45.19252872183008,5.750904761904761,0.56,5.04,0.4,1.76,4155282,43.77861923330076,3.6594415584415594,0.6,4.28,0.24,1.32,446185,1,200,BR1_2326789269
29,52.326144469314,3.822715317362376,0.76,6.76,0.56,1.68,6349702,40.70829057697762,3.2444415584415585,0.44,3.96,0.36,1.8,223300,0,200,BR1_2326514739
30,43.378218829976106,2.2955079365079363,0.32,3.32,0.28,1.04,359703,53.52654908530161,4.610920634920635,0.64,5.0,0.16,1.56,293367,1,200,BR1_2332507548
31,58.78943731061999,4.988077256077257,0.68,6.28,0.36,2.08,47833,41.440298787457785,2.716433324845089,0.36,5.52,0.28,2.24,186197,1,100,BR1_2332494738
32,44.77421301324967,2.462714285714286,0.32,5.72,0.12,1.6,2551,53.87372250134032,4.262610237715501,0.8,7.72,0.04,1.6,69202,0,100,BR1_2332368745
33,42.5712218555839,2.019235653235653,0.2,2.56,0.12,0.68,12237,53.06619963359024,3.324422077922077,0.6,5.04,0.16,1.88,63041,1,200,BR1_2332386247
34,54.84066141518707,3.880023088023088,0.64,5.24,0.08,1.96,32715,45.57676904367993,2.9839439775910366,0.36,3.48,0.0,0.68,1806,1,100,BR1_2332383983
35,50.67541641177494,3.3292673992674,0.36,3.36,0.16,1.04,152739,48.20796651456733,4.777462184873949,0.56,5.08,0.12,1.56,23156,0,100,BR1_2332391659
36,50.92328895831207,3.5166753246753246,0.28,3.6,0.2,1.04,8870,55.89844412049232,2.794457431457431,0.36,4.48,0.08,0.84,54127,0,100,BR1_2332309974
37,60.13386522898512,5.234258297258298,0.56,3.92,0.04,0.8,97620,59.61624211004054,5.274405121022769,0.64,4.32,0.12,0.68,186843,0,100,BR1_2331986240
38,60.47922225039831,8.051965811965815,0.76,6.56,0.08,1.52,36788,53.7821690830722,3.997475831358185,0.56,4.36,0.2,1.36,36863,1,200,BR1_2332044410
39,66.02793309050654,5.452959817959818,0.36,2.64,0.04,0.2,128109,61.0034793107306,3.657904761904762,0.6,4.76,0.12,1.12,42994,1,200,BR1_2332032299
40,41.01480692115055,3.032333333333334,0.44,5.16,0.64,1.68,3175047,51.66777173547749,3.603679653679653,0.52,5.2,0.48,1.44,5958155,0,100,BR1_2332358713
41,40.89950778442056,3.699238095238096,0.76,6.96,0.6,1.72,1211434,37.64389036218245,4.348623376623377,0.48,5.0,0.8,2.0,1260804,0,200,BR1_2332364676
42,41.57008822341384,4.406412698412698,0.44,5.84,0.36,1.68,1322327,41.82673002026535,4.212878787878788,0.72,6.16,0.8,2.04,698822,0,100,BR1_2332360206
43,40.709736090131535,2.735942279942281,0.44,5.36,0.68,1.8,1561447,40.97752350775136,2.535080808080808,0.4,4.36,0.24,1.32,1076695,1,100,BR1_2332295600
44,38.11204248990804,3.124117771117771,0.36,5.0,0.48,1.68,1698479,43.00698632944426,4.511666666666667,0.6,6.12,0.36,1.92,156011,0,100,BR1_2332270336
45,45.18259245943276,3.9595033855033854,0.6,6.72,0.8,2.16,1777163,41.77324580536667,3.4337958707958705,0.6,6.48,0.48,2.16,2859187,1,200,BR1_2332253263
46,39.20593977876398,3.866888888888888,0.56,5.84,0.76,2.28,5518815,36.62338015095454,2.609605042016807,0.4,4.4,0.32,1.52,467169,1,100,BR1_2332160325
47,42.82916833625029,4.875619047619047,0.48,4.8,0.28,1.52,4095571,39.192518066508576,2.845,0.4,4.84,0.44,1.32,3380938,1,200,BR1_2332095372
48,47.23850815236242,5.018167388167388,0.44,4.92,0.32,1.72,5472116,53.80627922452864,3.378063492063492,0.48,5.12,0.16,1.44,1613976,1,100,BR1_2332051851
49,40.03471993157459,2.5865887445887443,0.24,4.28,0.44,1.64,1067592,41.5355434698491,2.8839812409812406,0.36,4.44,0.36,1.64,5944638,0,100,BR1_2331622276
50,43.2306579772489,3.827238095238096,0.6,6.2,0.24,1.96,1097234,36.420299043744215,3.4208296703296703,0.44,5.2,0.44,1.56,549731,0,200,BR1_2332322766
51,43.16506812786638,4.6014003774003776,0.48,5.68,0.32,2.32,10876822,40.33131581403533,3.538119047619047,0.36,4.72,0.28,1.44,2272496,0,200,BR1_2331644472
52,39.04105548538924,3.079470806970807,0.44,6.16,0.24,2.2,572865,39.67746180478013,3.476246031746032,0.56,6.28,0.48,2.32,355245,0,200,BR1_2330380547
53,40.03444996741969,3.0314519140989726,0.48,5.76,0.44,2.28,309195,38.741241077482506,2.7627222222222216,0.52,5.88,0.48,2.12,642922,1,200,BR1_2330279951
54,43.64930355161879,3.383121212121212,0.64,4.44,0.32,1.4,1881865,39.31894109035841,3.313055555555556,0.48,5.56,0.24,1.84,162063,0,200,BR1_2330304597
55,39.31894109035841,3.313055555555556,0.48,5.56,0.24,1.84,354468,39.039380171251565,2.454873015873016,0.44,5.44,0.4,2.36,417499,1,100,BR1_2330282515
56,39.829781563903126,3.147170995670996,0.56,5.92,0.36,1.88,1013494,45.28956330001338,3.1796926406926405,0.44,3.76,0.28,1.72,146968,1,100,BR1_2329468876
57,47.89877850853178,2.1731666666666665,0.36,4.64,0.2,0.96,871038,49.64122446188636,3.7458831168831166,0.48,4.92,0.32,1.44,232292,0,100,BR1_2329190668
58,50.10590865892075,3.8363910533910537,0.44,5.4,0.36,1.92,1786852,51.93254610818588,3.558966089466089,0.56,6.24,0.44,1.84,534176,0,200,BR1_2328651808
59,32.21926645505291,1.769690476190476,0.48,5.0,0.44,1.52,261930,41.750909967389546,2.729158730158729,0.76,5.88,0.16,2.04,882348,0,100,BR1_2326350188
60,47.46511687336982,3.8565564435564426,0.52,5.92,0.36,1.68,276245,39.89265207131356,3.43081141081141,0.56,5.28,0.4,1.76,35893,0,100,BR1_2329509533
61,38.00692838069726,2.642541125541125,0.6,5.56,0.56,1.88,501564,47.46511687336982,3.8565564435564426,0.52,5.92,0.36,1.68,415962,1,200,BR1_2329514131
62,47.641977203606295,3.888205627705628,0.56,5.16,0.48,1.64,413381,47.46511687336982,3.8565564435564426,0.52,5.92,0.36,1.68,419120,1,200,BR1_2329448916
63,56.04510938967744,2.3952049062049072,0.4,3.92,0.16,1.04,536418,55.19394530865768,4.066804306804306,0.52,4.4,0.2,0.88,126955,1,200,BR1_2329440953
64,41.07899720613296,3.979111111111111,0.68,7.36,0.36,3.0,721925,36.50166410598678,3.536697358197358,0.44,5.92,0.44,1.96,934876,0,200,BR1_2329194261
65,52.27174570945964,2.9577966653229804,0.56,4.72,0.12,0.88,144099,47.64924647513613,3.776516927516928,0.6,5.48,0.32,1.72,429804,1,200,BR1_2328704795
66,47.77885287221544,6.802190809190811,0.56,5.24,0.24,1.48,132694,41.77734268979576,4.288283716283717,0.44,5.52,0.4,1.88,375247,1,200,BR1_2328700013
67,43.5154241254265,3.5834543234543244,0.56,5.28,0.32,1.56,286079,38.480361087076936,2.1382987012987016,0.32,3.68,0.12,1.0,697070,0,100,BR1_2328637604
68,45.85844853812298,3.3683883338883334,0.48,5.4,0.24,1.36,222671,46.17644570576886,4.203850260850261,0.68,6.4,0.6,2.2,150129,0,200,BR1_2328641114
69,43.26970040123069,3.892063492063492,0.52,6.08,0.92,1.76,2639477,41.50918768021376,3.5599719169719166,0.72,7.6,0.56,2.28,150985,1,200,BR1_2332373686
70,47.9739694966301,3.645599511599511,0.68,6.68,0.52,2.12,2006367,40.417328246775725,4.735532467532468,0.4,5.12,0.28,1.64,179305,1,100,BR1_2331796314
71,45.3655965111077,3.155887112887113,0.92,7.32,0.72,1.16,1533094,47.97396949663009,3.645599511599511,0.68,6.68,0.52,2.12,590034,0,200,BR1_2331965752
72,46.85225850838358,4.857116217116217,0.72,6.44,0.28,1.6,902982,47.97396949663009,3.645599511599511,0.68,6.68,0.52,2.12,1683463,1,200,BR1_2331774986
73,38.01669052386684,2.752089466089466,0.6,7.0,0.6,2.4,420224,47.9739694966301,3.645599511599512,0.68,6.68,0.52,2.12,1069274,1,200,BR1_2331933838
74,49.40666933554599,5.372215673215674,0.6,6.2,0.44,1.68,1291954,44.70064057796121,3.214076890429832,0.56,4.68,0.2,1.28,503967,1,100,BR1_2332035122
75,48.9798019738822,3.2071354201354194,0.52,4.92,0.32,1.4,3382168,49.40666933554599,5.372215673215674,0.6,6.2,0.44,1.68,1022328,1,200,BR1_2332022284
76,47.860890692835376,5.56740614940615,0.64,6.6,0.48,1.88,744375,50.09691882799089,2.545428571428572,0.32,4.4,0.36,1.16,500594,1,100,BR1_2331839196
77,43.43449507505077,4.860476967476968,0.68,7.6,0.6,2.04,680308,47.07590235718755,2.475551226551227,0.32,3.44,0.28,1.96,603531,0,100,BR1_2331824133
78,52.05108353107441,3.1948381618381614,0.36,3.16,0.16,0.68,2300489,43.09084790425114,3.9859653679653686,0.72,7.16,0.68,2.32,234806,1,200,BR1_2331679819
79,40.3934762114522,3.849619047619048,0.64,6.8,0.4,2.08,1134342,42.8702470193534,2.93052380952381,0.36,4.08,0.28,1.52,1351023,0,200,BR1_2332515602
80,41.71324976473577,4.179841269841269,0.36,3.88,0.32,1.32,713725,43.219261880883735,5.353555555555556,0.64,6.08,0.64,1.52,352830,0,100,BR1_2332503593
81,41.04865704167818,2.577805416805417,0.4,4.28,0.36,0.96,2777729,42.198403994177646,4.243746031746031,0.68,5.88,0.56,2.36,871872,0,100,BR1_2332470802
82,43.93369408447412,3.48907647907648,0.48,4.2,0.36,1.08,1113835,41.28578711700729,4.584930735930737,0.6,5.68,0.32,1.68,760394,1,200,BR1_2332439306
83,42.968147963803794,4.249924963924964,0.48,5.32,0.4,1.6,579304,41.55136125070708,3.5620238095238097,0.52,4.72,0.32,1.64,2996423,0,100,BR1_2332344189
84,40.88310594189088,2.949238095238095,0.64,6.12,0.52,1.84,2870815,38.45642196776429,2.8932014652014657,0.52,5.52,0.36,1.84,910997,1,200,BR1_2332319983
85,43.99676904038662,7.168932178932178,0.72,5.96,0.68,1.88,1358698,51.301623190149165,3.162265512265512,0.36,4.64,0.28,1.28,2136304,0,200,BR1_2332062807
86,44.4895338628612,3.902796536796537,0.56,6.0,0.6,1.96,2582084,37.05044083028974,2.463226551226551,0.28,4.24,0.4,1.2,1794499,0,200,BR1_2331999430
87,38.44220566055444,3.005050505050505,0.28,4.16,0.28,1.56,1356167,44.23453376152568,3.728191919191919,0.6,5.76,0.64,2.32,1075397,0,100,BR1_2332015581
88,47.32807938513261,3.441356421356421,0.48,5.16,0.16,1.48,844428,42.77865423768082,5.355238095238094,0.6,5.84,0.4,1.8,1142316,1,200,BR1_2332011889
89,50.30654029751363,2.2579971139971144,0.48,5.96,0.12,1.6,155081,56.556974284482486,2.9174502164502165,0.48,4.92,0.44,1.36,8429,0,200,BR1_2332455108
90,65.24487198592566,3.5919991119991126,0.52,4.6,0.32,0.8,141001,62.3160603054237,3.1184556057977115,0.4,2.96,0.12,0.24,102928,1,100,BR1_2329054129
91,58.907268425512456,3.494481962481962,0.56,5.64,0.32,1.64,278586,56.27673231647692,3.695244108832344,0.64,6.52,0.56,2.12,138631,0,100,BR1_2328906846
92,52.29215400177687,3.4608167388167383,0.6,4.92,0.24,1.24,259960,58.90726842551246,3.494481962481962,0.56,5.64,0.32,1.64,277051,0,200,BR1_2328855478
93,58.907268425512456,3.494481962481962,0.56,5.64,0.32,1.64,125004,41.99563057173636,2.7400952380952384,0.44,5.0,0.48,1.92,305398,1,100,BR1_2328880843
94,47.25542457821325,2.912206349206349,0.36,3.6,0.16,1.24,1838728,48.61848891995599,2.1786406926406934,0.4,4.16,0.36,1.24,486060,1,200,BR1_2328806626
95,41.781813219187015,4.038984126984127,0.6,5.16,0.4,1.6,4187152,53.933887805652006,3.482386724386724,0.52,5.36,0.48,1.16,320729,1,200,BR1_2328813587
96,47.9022392966376,4.121742126810238,0.68,6.0,0.68,1.84,3043600,55.3212272060564,3.4898787878787867,0.44,5.08,0.36,1.28,425994,1,200,BR1_2328656919
97,62.83469629237582,4.153245088245089,0.48,4.68,0.24,0.96,245286,64.8185132957812,5.645165834165835,0.56,4.16,0.12,0.6,630188,0,100,BR1_2328363902
98,57.80415185306339,3.3488006438006432,0.48,5.48,0.36,0.96,1642951,45.1365192969177,5.096969696969698,0.6,5.56,0.28,1.8,241713,1,100,BR1_2326910204
99,38.23613826918402,2.735919191919192,0.24,3.88,0.2,1.12,1317350,38.48913877475329,3.975111111111112,0.56,5.08,0.52,1.4,2217077,0,100,BR1_2331308369
100,40.90438834632297,4.273835497835498,0.56,4.48,0.48,1.96,3311492,39.4811002310329,2.901269841269841,0.48,4.8,0.44,1.56,889888,1,200,BR1_2330491935
101,48.17928692653349,3.334419913419913,0.4,4.76,0.4,1.28,901965,41.71335208757469,4.863222222222222,0.72,5.92,0.52,1.72,101800,0,100,BR1_2330458488
102,57.745149611070886,3.2724829059829057,0.6,4.64,0.24,1.08,271886,60.48954474586591,3.0442734487734486,0.36,3.8,0.16,0.64,122413,0,200,BR1_2330297331
103,53.43438792835379,5.166232969644734,0.68,6.24,0.48,1.6,2815709,38.24484082237146,2.6665367965367968,0.44,4.72,0.36,1.56,1765209,0,200,BR1_2329801560
104,46.23989106820809,2.4065930735930734,0.32,4.28,0.2,1.04,4053389,42.63475091290917,4.801264069264068,0.48,5.48,0.52,1.64,746435,1,100,BR1_2329729429
105,49.15667010909888,3.449184704184704,0.44,4.28,0.32,1.04,3334456,38.90804810612333,2.190015873015873,0.4,4.36,0.44,1.6,200209,1,100,BR1_2329727473
106,57.92263925330225,3.964808230984701,0.88,6.44,0.36,1.64,927397,48.534454990306834,4.875225108225109,0.56,5.52,0.52,1.56,91328,1,200,BR1_2328958180
107,45.08440205867184,4.033178932178932,0.52,5.8,0.44,1.76,3770287,40.38622309020394,3.2484444444444445,0.6,4.4,0.4,1.28,465701,0,100,BR1_2328328305
108,44.49378196596492,2.561238095238094,0.44,5.72,0.72,2.2,690108,43.29929632886456,3.847873015873016,0.64,6.88,0.6,1.8,431842,1,200,BR1_2328047547
109,42.3414315706717,4.600731601731602,0.6,5.52,0.32,1.84,2825524,43.58942323937355,4.390025974025973,0.64,5.84,0.36,1.88,922032,1,100,BR1_2332111124
110,43.62660756423305,3.207619047619048,0.44,4.8,0.4,1.76,708079,49.642871768538434,3.877191919191919,0.64,6.36,0.44,2.04,2639640,1,200,BR1_2331454766
111,56.2101700491566,4.332660058895353,0.72,5.92,0.32,1.6,4849494,47.4926320671098,3.2413016591251886,0.44,5.2,0.32,1.72,267617,0,100,BR1_2331431447
112,36.815523526439485,2.268111610611611,0.44,5.56,0.32,1.72,232979,44.41571364417941,4.515269151138716,0.6086956521739131,6.217391304347826,0.5652173913043478,2.1739130434782608,722429,1,200,BR1_2330659593
113,38.22960531030149,1.6441611721611722,0.4,4.48,0.36,1.76,538706,40.59988311898904,3.4628411443628835,0.6956521739130435,6.695652173913044,0.7391304347826086,2.782608695652174,852301,1,200,BR1_2330673993
114,37.2857245830899,4.494301587301588,0.32,4.04,0.44,1.28,2414408,46.96417694410447,3.441064935064936,0.64,5.32,0.36,1.76,2239096,1,200,BR1_2330575856
115,45.24008863817624,3.40770584970585,0.6,5.12,0.44,1.8,275991,43.566011207101134,4.44911544011544,0.68,5.96,0.52,2.0,543570,1,200,BR1_2329700863
116,50.343092540364175,4.457379731379731,0.6,4.2,0.28,1.24,159276,59.83295184069191,3.67182683982684,0.6,4.68,0.16,1.04,117219,1,100,BR1_2329669091
117,43.7061415414777,3.354970695970696,0.76,6.44,0.36,2.36,76959,40.59004295593724,2.8180101010101004,0.36,4.72,0.28,1.84,264404,0,200,BR1_2329668278
118,44.85323173451534,4.408185148185147,0.6,5.6,0.44,2.16,5548740,49.91189430120858,3.5442539682539684,0.6,5.68,0.44,1.76,818717,1,100,BR1_2329467235
119,37.35257502435294,2.7955873015873016,0.28,3.84,0.2,1.24,760549,43.63382727754875,3.562121212121211,0.48,3.6,0.16,1.36,2828591,0,100,BR1_2332436255
120,40.187870359808414,2.8174220779220787,0.48,4.16,0.4,1.68,169405,52.00612808480491,4.274213564213564,0.44,4.0,0.36,1.0,796000,0,200,BR1_2330529946
121,39.64943068221361,2.667383838383838,0.48,4.28,0.4,1.56,551609,38.80032593677587,2.5395621045621044,0.32,3.4,0.2,1.36,933019,0,200,BR1_2330496359
122,43.51513879795473,3.537555555555555,0.6,5.08,0.28,1.68,4420058,48.121494638381336,3.028588744588745,0.44,4.68,0.28,1.36,1291320,0,200,BR1_2330354532
123,43.13405744466194,2.948369408369408,0.28,3.52,0.16,1.32,618828,48.14343072086084,4.128464646464646,0.56,4.92,0.36,1.4,2168196,0,100,BR1_2330382461
124,42.35557261372473,3.2662409812409816,0.44,5.12,0.28,1.52,2231978,43.1444562933703,4.624095238095238,0.44,5.28,0.44,1.72,1652604,0,100,BR1_2330352060
125,37.31428119565194,3.100367965367965,0.32,4.08,0.32,1.52,3509605,45.690229989623134,4.162301587301587,0.56,5.76,0.4,1.6,1701165,0,100,BR1_2329898856
126,41.75162110578313,2.7726854256854256,0.44,3.8,0.32,1.24,932189,45.1524563400158,4.451010989010989,0.48,4.44,0.36,1.6,438359,0,100,BR1_2329896532
127,38.94208327800346,3.8451803751803753,0.4,4.92,0.52,1.56,2298713,43.92281176000817,2.353296703296704,0.32,3.44,0.16,1.24,652311,1,200,BR1_2329836018
128,39.48012905107541,3.5944588744588746,0.32,3.48,0.4,1.12,2189323,41.36108634909721,3.249917748917749,0.48,4.12,0.4,1.48,1279514,1,200,BR1_2329815622
129,37.37963585499422,2.83731746031746,0.44,3.92,0.16,1.4,284320,45.572064028779465,2.348049950049949,0.52,5.0,0.4,1.44,1178896,1,100,BR1_2332286449
130,43.76484769255574,4.182434343434343,0.56,4.92,0.24,1.8,1318516,44.74088411216336,3.0045269175269183,0.52,5.92,0.6,1.4,1767778,1,100,BR1_2331502193
131,38.26609435486759,1.811514596514596,0.44,4.12,0.36,1.12,849472,41.52716910779456,2.6963477633477635,0.48,5.0,0.28,1.76,749405,1,200,BR1_2330223850
132,38.90361786672396,2.183839271839272,0.32,3.28,0.2,1.08,1584867,41.728472912325394,3.498873015873016,0.4,4.52,0.4,1.68,1912264,0,100,BR1_2330059454
133,46.15297227682591,5.290857142857144,0.72,6.0,0.48,1.72,706076,39.58413441183222,3.492150072150072,0.4,5.2,0.36,1.36,1407173,1,100,BR1_2331674732
134,37.48377159472634,2.452849927849928,0.48,4.76,0.48,1.84,2172701,41.5721165827455,4.934865800865801,0.56,5.6,0.4,1.68,2991754,1,200,BR1_2331005470
135,43.24007158844525,4.640936507936508,0.48,5.08,0.52,1.84,1727902,41.98566120802662,3.7317142857142858,0.44,4.84,0.44,1.8,454153,1,200,BR1_2329702432
136,45.96324703560108,3.1586825396825398,0.52,5.04,0.4,1.36,4257033,39.51222539936897,3.6250014430014432,0.44,5.0,0.52,1.6,377487,1,100,BR1_2328929633
137,43.82121649279556,3.326759462759463,0.56,4.84,0.4,1.52,4037180,46.5045179653983,3.7409230769230777,0.52,4.0,0.24,1.16,1178228,0,100,BR1_2328286984
138,46.16128162158768,2.949095238095237,0.48,5.16,0.4,1.48,757604,47.99896123537046,6.328730158730158,0.64,5.72,0.56,1.6,571956,1,100,BR1_2328292656
139,48.124980859029534,2.8966507936507937,0.52,5.04,0.6,1.68,563960,40.68101662404074,2.4962879342879343,0.32,4.36,0.2,1.2,2073647,1,100,BR1_2328281912
140,52.65532303254934,5.1132442002442,0.44,4.6,0.28,1.32,1366312,47.67560069731817,4.02436507936508,0.48,4.52,0.44,1.64,374154,0,100,BR1_2328300197
141,60.69997413803313,3.203193003075356,0.6,4.16,0.16,0.92,189283,64.74711077154262,3.894667672197083,0.48,2.88,0.04,0.36,247597,0,100,BR1_2327622991
142,41.69136588132604,5.05984126984127,0.52,4.68,0.36,1.48,4692345,43.55270920720632,3.7218528138528137,0.64,5.76,0.32,1.72,507691,1,100,BR1_2326217027
143,42.988718666463576,4.268190476190476,0.76,6.44,0.72,2.16,748988,39.36523726868965,4.068841269841269,0.4,4.24,0.2,1.64,1158299,0,200,BR1_2332422592
144,52.09645630801963,3.2023760683760685,0.52,4.8,0.2,1.04,675034,43.40767581911209,3.9158412698412697,0.68,6.6,0.68,2.2,454949,1,200,BR1_2332441383
145,38.10274803729092,2.9256666666666664,0.44,4.72,0.4,1.72,6835763,41.36340772777845,3.3883492063492064,0.6,5.88,0.52,1.88,1793344,1,200,BR1_2331673454
146,42.67843279620963,3.997460317460317,0.44,4.6,0.48,1.36,840030,48.90261543782902,3.2825786435786437,0.56,6.12,0.52,1.8,125817,0,200,BR1_2330442249
147,52.28563244613763,5.531564102564103,0.72,5.6,0.4,1.72,1855233,38.04635699091973,2.478882783882784,0.24,3.8,0.2,1.36,160664,0,200,BR1_2330403771
148,37.35585239599669,1.760802641802642,0.36,3.6,0.32,1.2,1811059,38.106587221258,3.467373737373737,0.56,5.64,0.28,1.92,1540416,1,200,BR1_2330036342
149,44.46957998482,3.618150183150184,0.44,5.2,0.44,1.76,1860528,43.61828287001832,2.904190476190476,0.36,4.56,0.32,1.48,486212,0,100,BR1_2327989392
150,52.65456480800234,4.72031746031746,0.52,5.0,0.44,1.4,2833822,53.71514041879904,4.43903785103785,0.52,5.08,0.36,1.36,1623067,0,200,BR1_2327966217
151,47.10271733232772,4.94352380952381,0.52,5.88,0.4,1.6,666009,47.77280838748885,3.761974358974359,0.4,4.88,0.32,1.28,1238745,0,200,BR1_2327953235
152,45.25380560719497,2.781370775423408,0.52,6.08,0.4,1.8,3421482,41.48884517271763,3.3371269841269844,0.52,5.68,0.4,1.84,477376,1,200,BR1_2327245648
153,47.588092110799614,3.550063492063492,0.56,4.88,0.6,1.68,4497722,39.73498747809343,4.273809523809525,0.44,4.08,0.32,1.52,1450767,0,200,BR1_2331895277
154,50.92080418448912,3.4440805860805868,0.4,5.6,0.28,1.84,4767819,46.96576497595607,5.635887361005009,0.6,5.68,0.48,1.96,388763,1,200,BR1_2331462838
155,50.13627548867962,3.103356643356644,0.4,4.96,0.28,1.72,2492652,41.97350523995661,4.162333333333333,0.4,4.36,0.32,1.28,702129,1,200,BR1_2331359025
156,47.88984003250764,2.857670440670441,0.56,5.64,0.6,1.68,4371918,56.42597239640008,3.876082251082251,0.64,5.88,0.4,1.8,2367966,1,200,BR1_2330585969
157,36.8309835433384,2.403634920634921,0.44,4.76,0.4,1.4,690923,44.74894617263085,3.614952380952381,0.48,4.52,0.4,1.32,275681,0,200,BR1_2328994348
158,43.76333358373496,3.844396825396825,0.44,5.6,0.6,1.76,4642742,40.115920250832886,4.061507936507937,0.56,5.48,0.52,1.96,368855,0,200,BR1_2329032764
159,38.58198559761311,2.657206349206349,0.32,4.48,0.36,1.32,689576,38.41726447094559,4.335142857142857,0.68,5.64,0.6,1.84,380660,0,200,BR1_2327832146
160,40.93310961759322,4.688253968253968,0.48,4.88,0.52,1.68,1485531,38.39154421448631,3.673294372294372,0.32,4.04,0.4,1.56,925392,0,100,BR1_2327791507
161,39.44105856908901,2.9379523809523813,0.64,5.44,0.72,1.72,5557592,36.00060339500951,2.608333333333333,0.36,4.4,0.32,1.64,2722701,0,200,BR1_2327741414
162,39.04112865186587,3.530057720057721,0.6,5.32,0.4,1.68,1935182,45.819894878524735,3.893036075036077,0.56,5.4,0.44,1.72,1037789,0,200,BR1_2327656802
163,39.43986072204135,3.358090909090909,0.48,5.08,0.4,1.8,3582093,38.128429866397,2.4024754134754134,0.56,4.68,0.36,1.28,368907,1,200,BR1_2332094005
164,42.23348232749085,4.619702741702742,0.44,4.24,0.36,1.44,1251013,39.07993040795231,2.3409292929292933,0.44,4.04,0.4,1.44,2348817,0,200,BR1_2331396584
165,41.952814079697966,3.17612987012987,0.48,5.4,0.48,1.72,2594525,38.45082385291621,2.7015743145743145,0.52,5.04,0.6,1.72,1525659,1,200,BR1_2330682780
166,48.5163052360223,3.208714285714286,0.52,4.88,0.32,1.04,3043537,38.7413719021554,2.907855477855478,0.44,4.8,0.4,1.56,604279,0,200,BR1_2330005720
167,50.01791394782413,4.141134199134199,0.64,5.52,0.4,1.52,584453,39.92446730576891,3.396552669552669,0.4,4.72,0.32,1.8,1413223,0,200,BR1_2329325449
168,41.79830524461497,3.3699963369963366,0.44,4.96,0.52,1.96,4415668,41.0654438822832,4.678886002886003,0.68,5.76,0.6,1.88,1087191,0,200,BR1_2328122137
169,43.92861703300301,3.976205128205129,0.64,6.04,0.44,2.04,2375986,47.41337079470716,2.9863903318903318,0.48,5.04,0.28,1.4,1060676,1,200,BR1_2328070942
170,43.38980544237268,2.7357936507936507,0.48,5.2,0.4,2.08,912276,47.39167790439687,3.332933621933622,0.28,3.72,0.32,1.2,3201496,0,200,BR1_2327411632
171,41.66239924779552,2.606702186702187,0.32,3.64,0.24,1.24,1608374,38.47144491088239,2.506647907647908,0.36,4.6,0.4,1.48,314804,1,200,BR1_2326801846
172,39.9800681868211,3.498063492063492,0.56,6.48,0.56,2.04,2716077,43.86712575747824,3.6118105228105226,0.48,4.8,0.44,1.8,322721,1,100,BR1_2330710293
173,51.33946296412366,3.834666666666667,0.48,5.92,0.52,1.76,1188109,46.7371386272726,4.648066378066378,0.64,6.2,0.68,2.24,540169,1,200,BR1_2330673875
174,47.9309362991519,2.847261183261184,0.44,3.48,0.24,0.84,407985,47.88406023393701,4.858269841269842,0.84,6.84,0.64,2.2,1150273,1,200,BR1_2330588287
175,48.83190762417723,3.951269841269841,0.68,6.04,0.72,2.08,1275964,41.861683987783856,2.861911976911977,0.44,4.96,0.32,1.68,222673,0,100,BR1_2330542085
176,50.38054142464301,5.424685758685761,0.56,6.2,0.6,1.92,2042391,44.689341109216095,3.254314574314575,0.48,5.04,0.28,1.44,191087,0,100,BR1_2330526034
177,46.417333410575935,4.305111111111112,0.48,4.56,0.48,1.72,593972,40.02646875829104,4.505413364413364,0.6,6.08,0.68,2.12,3902324,1,200,BR1_2330333322
178,41.94835322483982,3.404603174603174,0.6,5.28,0.32,1.48,933083,41.49220216388731,4.353809523809524,0.68,6.6,0.88,2.04,2371986,1,200,BR1_2330317559
179,40.66808120777032,3.078920634920634,0.64,5.92,0.48,2.08,4757885,36.392476948303695,3.927238095238095,0.48,4.96,0.48,1.92,946011,1,100,BR1_2330304629
180,40.8289411187549,3.3986666666666663,0.64,6.52,0.48,2.12,5597085,43.36704363579036,3.726396825396825,0.52,4.76,0.4,1.56,194954,1,100,BR1_2332338894
181,40.0911135249453,3.2291111111111106,0.72,6.16,0.48,1.8,3083438,43.6508373217834,3.056838605838605,0.48,4.36,0.4,1.6,3549743,1,100,BR1_2332385970
182,42.06766423682395,3.546544011544012,0.32,4.44,0.28,1.36,579592,41.55136125070708,3.5620238095238097,0.52,4.72,0.32,1.64,2996423,1,200,BR1_2332344189
183,41.71097006033252,3.180285714285714,0.68,6.16,0.44,2.0,2870815,43.84384064944117,3.2819157509157515,0.52,5.96,0.4,1.56,910997,0,100,BR1_2332319983
184,43.56888132255239,2.9242765012765024,0.44,4.0,0.32,1.4,2161446,39.78570679946603,4.630873015873016,0.6,5.36,0.24,1.8,2453577,0,200,BR1_2332221637
185,45.28753554023015,4.471333333333333,0.64,6.24,0.6,1.72,2011809,49.71771676222039,5.792000000000001,0.76,7.4,0.64,2.56,5116689,0,100,BR1_2332135021
186,47.243027504992845,3.6180447330447327,0.48,4.84,0.36,1.28,414091,40.5409216421038,2.613127055950585,0.36,4.68,0.44,1.56,3478039,1,100,BR1_2331662366
187,43.92337286914406,3.4522366522366523,0.52,4.84,0.52,1.68,4389531,54.99401689582079,4.599051282051281,0.64,5.8,0.52,1.52,561660,1,200,BR1_2331558974
188,65.00940365818664,4.699663558663558,0.64,3.24,0.08,0.28,316192,55.57240023893571,4.091641192141191,0.6,4.2,0.12,1.0,275861,1,200,BR1_2330976055
189,45.28753554023015,4.471333333333333,0.64,6.24,0.6,1.72,2011809,49.71771676222039,5.792000000000001,0.76,7.4,0.64,2.56,5116689,1,200,BR1_2332135021
190,41.98955450242203,4.617523809523809,0.6,4.84,0.48,1.68,264005,46.89770353659622,4.441893217893218,0.72,5.6,0.48,1.52,75783,0,200,BR1_2332095514
191,45.7563655953559,5.652333333333332,0.76,6.08,0.52,1.88,2533968,39.29643308041119,3.973793650793652,0.52,5.84,0.4,1.64,1008819,1,100,BR1_2331532188
192,42.33631601930797,4.1206481296481305,0.48,4.92,0.24,1.6,3894951,51.41214565883054,4.815031746031747,0.6,4.08,0.36,1.12,1035679,1,200,BR1_2329678096
193,68.43870723439423,5.088001443001444,0.52,4.04,0.0,0.2,131979,58.361583272027495,8.647386724386724,0.6,4.28,0.16,0.72,210735,1,200,BR1_2329647498
194,59.84399086002928,4.810510267510268,0.68,5.76,0.12,0.84,217612,59.96926753601426,6.139870129870129,0.56,3.4,0.16,0.44,137386,1,200,BR1_2329646527
195,37.34017515217483,4.004269841269841,0.6,6.16,0.36,2.12,763114,57.27144995605984,5.677545454545455,0.64,4.8,0.2,1.0,346129,1,200,BR1_2329673137
196,64.34877359961708,6.063904761904763,0.52,4.64,0.2,0.92,242498,63.33711315236171,6.82785137085137,0.72,6.08,0.4,1.2,117359,1,200,BR1_2329559480
197,57.897910046502375,3.983258297258297,0.52,5.16,0.32,1.08,229815,60.32741947881193,6.4759567099567095,0.6,4.08,0.32,0.6,623658,1,200,BR1_2329575109
198,42.219447130660086,5.212616161616161,0.6,5.88,0.72,1.92,8107576,37.885042655079744,4.412603174603174,0.52,6.16,0.24,2.16,1447165,1,100,BR1_2329475432
199,62.28196736961839,4.574989898989899,0.24,2.44,0.04,0.56,71644,60.82023469573712,2.432864130022024,0.48,6.16,0.64,1.92,42700,0,100,BR1_2332565545
200,63.357673247893146,5.205031746031746,0.76,5.2,0.12,0.96,239104,62.12271677511295,3.5858794538794534,0.36,2.84,0.04,0.4,175499,0,200,BR1_2332563813
201,68.89083069805876,4.694581529581529,0.36,3.04,0.08,0.32,248121,65.23381041878271,3.528029526029526,0.68,3.04,0.0,0.08,343271,0,100,BR1_2332552240
202,69.73673617168643,4.5924032634032645,0.32,3.0,0.08,0.24,202383,69.66314924191188,3.6408066378066377,0.64,3.12,0.0,0.08,432516,0,100,BR1_2332161478
203,50.615692473895095,5.142040404040404,0.56,4.92,0.6,1.48,765954,40.23022453403907,3.7887012987012993,0.28,3.92,0.32,1.56,230557,1,100,BR1_2332085947
204,70.68650194818423,4.137813088871912,0.48,3.6,0.08,0.4,157247,69.74777438057157,4.007114330114331,0.48,3.48,0.04,0.2,589957,1,100,BR1_2332070837
205,64.6990139638747,4.074745600804425,0.6,3.56,0.04,0.24,160042,65.6482524516046,3.799096903096904,0.4,3.96,0.12,0.56,413512,1,200,BR1_2331988681
206,67.2629934967953,7.654398046398046,0.52,4.92,0.12,0.56,152249,62.84221036754012,4.106021867021867,0.6,4.12,0.2,0.96,69208,1,200,BR1_2331993724
207,44.952600429507385,3.635646053293113,0.44,4.72,0.52,1.32,1088236,55.2586725290774,4.167619047619048,0.48,5.12,0.4,1.2,400394,0,200,BR1_2329516332
208,55.249372296727664,3.6352760572760574,0.48,5.4,0.36,1.92,5455983,46.542141244556746,3.619619047619048,0.48,5.12,0.2,1.6,692477,0,100,BR1_2329479828
209,48.38537430329853,3.566128427128427,0.32,3.76,0.24,1.12,274492,42.748884767827896,4.110130647130648,0.48,5.36,0.36,2.32,1163276,0,100,BR1_2331566002
210,39.8149844821094,2.7378378288378284,0.52,5.24,0.52,1.68,2121183,52.74931364705156,4.135588744588745,0.44,4.8,0.28,1.36,2460404,1,200,BR1_2331581115
211,41.26667690321207,3.354775668775669,0.44,5.28,0.24,2.2,1482035,72.12781175847,4.841649572649573,0.6,6.2,0.36,1.36,1187026,0,100,BR1_2331497270
212,43.9052326009858,4.887771894771895,0.6,6.08,0.52,2.16,2202457,41.536856692291295,4.397587301587302,0.72,5.36,0.4,1.88,713481,0,100,BR1_2331494085
213,49.367252435174144,3.9224357864357855,0.72,6.8,0.56,2.28,2306041,49.95654741453121,2.920237628384687,0.6,6.12,0.44,1.64,227591,1,100,BR1_2331466518
214,38.06559126236389,2.4972626262626263,0.44,4.92,0.44,1.64,3214368,43.1976996719047,4.4067474747474735,0.56,5.76,0.4,1.6,301408,0,200,BR1_2330855934
215,41.47025624284948,3.318985569985569,0.52,3.88,0.32,1.16,658228,39.95676940415078,3.021020202020202,0.4,5.08,0.32,1.88,353498,0,200,BR1_2330830269
216,43.62373799732673,3.677080808080808,0.52,5.16,0.44,1.68,2491484,41.70854279876964,3.961590187590188,0.68,7.2,0.84,2.2,1243201,1,100,BR1_2330704850
217,38.81107717118996,5.514968475968476,0.68,6.36,0.64,2.16,697470,47.69545493353121,3.794138528138528,0.52,5.08,0.32,1.36,59789,1,200,BR1_2330308775
218,39.91417356048092,1.8546652236652237,0.24,3.04,0.2,1.68,135302,46.61561193580749,3.688709956709957,0.48,4.96,0.16,1.48,334120,1,200,BR1_2330259774
219,37.746384764466505,2.9272900432900437,0.4,4.04,0.28,1.64,1456702,41.1428946702086,2.2935079365079365,0.52,5.32,0.8,1.64,271589,1,200,BR1_2332486339
220,41.60904717974026,3.533816051673194,0.5714285714285714,6.571428571428571,0.7142857142857143,1.809523809523809,42818,41.50525409813119,3.5221139971139976,0.7272727272727273,6.409090909090909,0.5909090909090909,2.409090909090909,141157,0,100,BR1_2332523898
221,38.75095797470421,2.125536796536797,0.4,5.12,0.48,1.76,1429669,41.95635420455783,3.154777777777777,0.52,6.12,0.68,2.0,658631,1,200,BR1_2332502135
222,40.62126533708435,3.5554978354978357,0.36,5.4,0.36,1.6,283553,43.87243361175225,3.90373015873016,0.6,6.0,0.52,2.04,106192,1,200,BR1_2332419028
223,37.23574376237004,3.101693528693529,0.36,4.96,0.48,1.68,2148947,38.76960170465975,2.879059829059829,0.76,7.2,0.8,2.12,2335764,1,200,BR1_2332407942
224,42.54467682704196,3.517539682539683,0.52,7.32,1.0,3.04,72757,43.66322791960957,3.580240974711563,0.56,6.68,0.6,2.0,556157,1,200,BR1_2332406108
225,33.77651359461469,1.992644869750133,0.32,4.04,0.4,1.76,819652,40.60474350231932,3.3882218337218344,0.56,6.92,0.56,2.44,341893,1,200,BR1_2332445284
226,37.593210158897456,2.5936544566544564,0.44,5.36,0.48,1.6,1489801,37.27076358460544,1.952302475302476,0.28,4.96,0.52,1.56,742981,0,200,BR1_2332405387
227,48.34974534978063,3.016707070707071,0.36,6.08,0.32,1.8,409893,40.66987232267147,1.948557165057165,0.36,5.2,0.44,1.84,1010431,1,200,BR1_2332464188
228,40.82131457358356,4.299792207792208,0.52,5.4,0.48,1.68,1318366,34.68508603790647,2.9990043290043293,0.6,5.88,0.56,2.24,1155993,1,200,BR1_2332305293
229,36.963976293472,2.721467976467977,0.44,4.48,0.4,1.84,2966879,37.782451079234285,5.449792207792209,0.68,6.52,0.44,2.48,832202,1,200,BR1_2332280149
230,41.11749406869231,3.662301587301587,0.52,5.92,0.44,2.24,910750,44.47345522372727,3.346192640692641,0.44,5.16,0.2,1.64,228650,1,100,BR1_2332114633
231,37.8963372361296,3.442825396825397,0.44,4.16,0.28,1.48,488564,51.93659848898338,4.147046176046177,0.6,4.84,0.44,1.72,643000,1,200,BR1_2332002785
232,39.96231633724573,3.2631428571428582,0.64,5.12,0.44,1.84,868055,44.65982071155869,3.13491341991342,0.48,5.68,0.48,1.32,989325,1,100,BR1_2330952750
233,42.38044836499313,4.456619047619047,0.48,4.8,0.44,1.92,3940291,39.04254227270843,3.34522077922078,0.52,5.52,0.44,1.8,61256,0,200,BR1_2329684273
234,40.46183844885113,3.475190476190477,0.6,6.04,0.8,1.96,2657416,47.25782825548378,3.033228327228328,0.6,5.8,0.44,1.6,1210341,1,100,BR1_2329640640
235,40.764538263171296,4.461825396825399,0.56,6.6,0.64,2.12,3095886,44.8317118660678,3.3051263181263177,0.56,5.48,0.48,1.16,478418,1,100,BR1_2329568009
236,34.765802395304995,2.369162393162393,0.36,4.36,0.4,1.8,750385,38.38225950059063,4.480073593073593,0.64,5.88,0.52,2.32,363280,0,200,BR1_2329602691
237,48.56423920922245,2.995966810966811,0.52,5.0,0.28,1.72,323168,37.04973633982129,3.007650793650794,0.56,5.48,0.52,1.8,540663,0,200,BR1_2329528707
238,66.68492547512167,4.956942279942281,0.64,3.84,0.12,0.52,170194,64.77051378512613,2.583791442475653,0.44,3.12,0.04,0.12,183439,0,200,BR1_2332460956
239,61.745189005649365,4.341120435120434,0.52,4.24,0.12,0.68,182937,64.77051378512613,2.5837914424756536,0.44,3.12,0.04,0.12,324007,1,200,BR1_2332440046
240,64.77051378512613,2.583791442475653,0.44,3.12,0.04,0.12,778517,60.86954662905712,3.214637251637252,0.36,2.84,0.16,0.72,110053,1,100,BR1_2332398918
241,66.78909178844445,2.495991242675453,0.36,2.96,0.0,0.0,390530,66.18918334351898,3.454791763791764,0.6,3.2,0.04,0.16,112306,0,100,BR1_2332367947
242,64.91980223341336,5.538147186147187,0.64,3.64,0.12,0.48,589868,66.78909178844445,2.495991242675453,0.36,2.96,0.0,0.0,235668,0,200,BR1_2332366197
243,66.62140524729723,2.657696204380415,0.4,2.8,0.0,0.0,493766,69.04084737694,4.898222986164162,0.6,3.2,0.08,0.2,177486,0,100,BR1_2332393980
244,61.24364213606149,3.730607503607504,0.32,2.84,0.2,0.6,255071,66.62140524729723,2.657696204380415,0.4,2.8,0.0,0.0,211798,1,200,BR1_2332342216
245,69.9038439536689,4.874534521034522,0.68,2.96,0.0,0.0,579363,66.62140524729723,2.657696204380415,0.4,2.8,0.0,0.0,116445,0,200,BR1_2332380104
246,49.563877725397205,2.386859806859807,0.56,5.64,0.44,1.44,774442,42.98394352083646,2.727050505050505,0.48,6.0,0.52,1.48,156214,0,100,BR1_2332188968
247,40.59472095825408,2.962285714285714,0.6,5.48,0.4,1.28,1388440,45.39975210566363,3.1287313797313807,0.4,4.6,0.48,1.6,612776,0,200,BR1_2332153843
248,42.40761399829547,3.950710622710623,0.72,5.24,0.32,1.92,3793325,41.27242523989944,2.945825396825396,0.32,3.32,0.24,0.96,5175352,0,200,BR1_2332476852
249,35.62815714179715,2.108285714285714,0.24,2.36,0.2,0.76,975636,38.42780430018189,2.512838383838384,0.6,3.92,0.24,1.64,1167313,0,100,BR1_2332525477
250,41.68225604038096,2.838431457431458,0.44,4.72,0.16,1.64,673628,34.82484922030476,2.2156940836940837,0.24,3.08,0.24,1.08,638326,0,200,BR1_2331756795
251,35.80573939592429,2.320298812298812,0.32,4.0,0.28,1.4,1025645,39.43737107280199,2.988815628815628,0.36,4.8,0.44,1.76,1591523,0,100,BR1_2331092330
252,45.50422597543766,4.667793650793651,0.4,4.28,0.4,1.52,4344625,47.57213491180857,3.036915750915751,0.6,5.88,0.72,1.48,2166531,0,200,BR1_2330368521
253,36.14291517522366,4.197777777777778,0.44,4.0,0.48,1.6,841693,46.79118409609418,2.455873015873016,0.36,3.28,0.16,0.76,2287024,0,200,BR1_2329840754
254,48.1411555248356,5.565111111111111,0.56,5.08,0.32,1.72,205165,38.52181095307437,3.479439227439227,0.48,4.56,0.52,1.88,1086203,0,200,BR1_2329536770
255,37.74964748229844,2.938939393939394,0.52,4.96,0.56,1.64,1752348,40.79313207937725,2.947476190476191,0.36,4.28,0.28,1.36,1116425,1,200,BR1_2328721624
256,53.74521219206069,4.582842712842712,0.44,4.12,0.32,0.96,1413425,45.17809613986801,2.681767565767566,0.28,3.64,0.32,0.96,1030348,0,200,BR1_2327219929
257,40.2418398314294,2.491952380952381,0.28,3.48,0.4,1.0,1019302,46.961141454782265,5.057721944721945,0.36,4.64,0.2,1.6,371491,0,100,BR1_2327263372
258,57.83347754235223,2.3312453102453103,0.44,5.96,0.2,1.6,3227606,57.18064137222219,5.140857142857143,0.68,5.24,0.2,0.88,101981,1,200,BR1_2332288716
259,51.70211176555419,4.175714285714285,0.56,5.4,0.28,1.12,161598,58.778960227886174,4.305184704184704,0.48,5.6,0.36,1.44,27438,1,100,BR1_2332265897
260,41.018745828833104,2.593380952380953,0.4,3.36,0.24,1.32,407078,40.74442135445891,5.613656565656567,0.6,4.24,0.08,1.48,970838,1,100,BR1_2332056948
261,41.1079032639895,4.063754689754691,0.64,6.04,0.56,1.76,1795519,45.69981272532216,4.761649572649572,0.6,4.96,0.56,1.52,1092166,0,100,BR1_2331829710
262,41.80290715057987,3.4959523809523807,0.44,5.24,0.44,1.6,1006660,44.55685193627007,3.8945512265512265,0.56,5.48,0.52,1.68,1265519,1,200,BR1_2331500949
263,49.367252435174144,3.9224357864357855,0.72,6.8,0.56,2.28,2305070,49.67635201881944,2.8009519140989734,0.56,6.0,0.44,1.68,227591,1,100,BR1_2331466518
264,44.88844728422545,2.798095238095238,0.44,4.32,0.24,1.12,3442505,43.7958571635613,5.096555555555555,0.6,4.6,0.36,1.56,1883479,1,200,BR1_2331442841
265,45.11298607574144,5.002917748917749,0.56,6.32,0.4,2.0,1972390,39.70810419486455,4.029848484848484,0.68,5.64,0.4,1.92,1100496,0,100,BR1_2331359509
266,47.82145175356933,3.850873015873016,0.68,6.08,0.52,1.6,3651091,43.74565325459695,3.982316017316017,0.52,4.4,0.24,1.32,917890,1,200,BR1_2331331757
267,46.75541117379835,2.681353535353536,0.52,5.68,0.48,1.84,2773924,40.318361248792925,5.1474352314352325,0.48,4.96,0.36,1.4,882956,1,100,BR1_2330673042
268,43.32985100602153,4.706949494949495,0.56,5.68,0.44,2.08,1990435,46.90446065564951,3.7291428571428575,0.44,3.52,0.2,1.28,2875950,0,200,BR1_2332302047
269,42.39921304675545,2.724322344322344,0.44,4.32,0.28,1.84,2566923,42.67879810986038,5.525587301587303,0.64,5.76,0.6,1.68,2225050,0,100,BR1_2332247772
270,39.05767033032552,2.665571428571428,0.36,3.56,0.28,1.24,480102,43.44997083882272,3.512857142857143,0.48,4.8,0.32,1.68,1366357,1,200,BR1_2332232677
271,47.4646127036016,3.651286935286936,0.56,4.72,0.32,1.52,2987501,43.499432187186684,3.6962947052947057,0.56,5.68,0.44,1.76,495596,0,100,BR1_2331861371
272,45.62035892239928,2.9227200577200567,0.6,3.64,0.2,0.64,255452,65.62570126167697,3.0246974136974143,0.56,3.56,0.08,0.28,155822,1,100,BR1_2331322091
273,45.62035892239928,2.9227200577200567,0.6,3.64,0.2,0.64,134443,57.93542627028552,4.219969863469864,0.52,3.92,0.12,0.88,219061,1,100,BR1_2331331039
274,36.78173540038489,3.9633636363636366,0.52,4.2,0.28,1.4,7568076,53.00501564045579,3.3947899877899887,0.48,3.56,0.2,1.08,528031,0,200,BR1_2330413867
275,51.40896123932601,4.441847374847376,0.44,5.44,0.44,1.24,4419359,51.66379088349471,3.2500512820512824,0.52,4.12,0.32,1.32,886588,1,200,BR1_2330204632
276,47.37559870362748,4.329701298701298,0.6,4.72,0.32,1.64,591635,42.28007005449476,3.129075036075036,0.52,4.64,0.48,1.72,763076,1,100,BR1_2330220747
277,48.5163052360223,3.208714285714286,0.52,4.88,0.32,1.04,3043537,38.651338671098095,2.7878554778554783,0.4,4.48,0.36,1.4,604056,1,100,BR1_2330005720
278,39.03725036359479,4.151783993783995,0.56,5.6,0.56,2.12,3711628,43.58539410783173,3.7709821289821286,0.6,6.28,0.68,2.2,1263196,0,100,BR1_2332130166
279,43.85813200958257,7.9323607503607505,0.68,5.88,0.68,1.96,1360920,48.16884678746891,2.714217893217894,0.28,4.08,0.24,1.08,2136565,1,100,BR1_2332062807
280,50.38656737169745,6.184707070707072,0.52,5.4,0.4,1.88,4151543,41.28618970741786,3.0010952380952385,0.48,5.0,0.44,1.6,440284,1,100,BR1_2332018817
281,48.59168310564786,3.477688311688312,0.52,4.88,0.4,2.12,741284,36.766378968439206,3.2251731601731604,0.32,4.96,0.44,1.6,1556031,0,200,BR1_2331996084
282,42.20425651937082,5.162380952380952,0.52,4.68,0.32,1.6,655723,43.88477366121283,4.219215007215007,0.32,3.76,0.28,1.56,1701598,1,200,BR1_2332003217
283,41.242734792691074,4.109310245310246,0.64,5.92,0.56,1.68,1795519,45.69981272532216,4.761649572649572,0.6,4.96,0.56,1.52,1092166,1,200,BR1_2331829710
284,56.92697336135689,4.837672251724884,0.52,3.92,0.2,0.76,576862,64.53381332208734,3.09737296037296,0.52,3.12,0.12,0.32,160535,1,100,BR1_2331864439
285,63.20823289821372,4.425571428571429,0.72,4.4,0.08,0.56,241066,62.71093003345384,4.896512265512266,0.6,3.8,0.2,0.56,124462,0,200,BR1_2331597788
286,67.05966482386415,3.8222173382173374,0.44,3.56,0.08,0.32,286686,62.71093003345384,4.896512265512266,0.6,3.8,0.2,0.56,1156373,0,200,BR1_2331595734
287,42.23348232749085,4.619702741702742,0.44,4.24,0.36,1.44,1251013,39.07993040795231,2.3409292929292933,0.44,4.04,0.4,1.44,2348817,1,100,BR1_2331396584
288,67.31833900702719,3.173775877717054,0.44,4.36,0.16,0.56,505176,57.00711375261063,3.854230880230881,0.32,2.52,0.08,0.52,25411,0,200,BR1_2331724244
289,35.36714613856907,2.226595848595849,0.44,4.04,0.28,1.44,1438028,44.72278770411175,2.622111111111112,0.32,3.28,0.2,1.04,903586,0,200,BR1_2331693210
290,38.37612792257868,4.4062442002442,0.4,4.52,0.36,1.44,2827112,41.58746803589325,3.181809523809523,0.6,5.56,0.44,1.84,2336292,0,100,BR1_2331092783
291,40.8231502539995,2.4432698412698413,0.36,5.2,0.52,1.68,3306285,44.04012195835125,2.441813186813187,0.44,3.6,0.32,1.36,202442,0,100,BR1_2329713578
292,59.243936954330586,3.823190476190477,0.48,2.6,0.12,0.48,298081,67.95257411585798,4.169380230880231,0.52,4.12,0.12,0.4,640142,1,100,BR1_2329319162
293,55.35186017239228,3.3990661560661564,0.36,2.76,0.16,0.64,649054,71.28994550632572,4.531734487734488,0.6,3.12,0.04,0.08,67333,1,100,BR1_2329400661
294,52.25250559887272,4.512285714285714,0.4,2.8,0.16,0.92,337326,73.26682326133692,4.144113664113664,0.8,3.28,0.0,0.0,226102,0,100,BR1_2329295918
295,50.349326355301,3.271723577076518,0.4,4.6,0.16,1.0,288466,63.81461592122856,3.371491508491508,0.44,3.12,0.08,0.56,107589,1,100,BR1_2329236916
296,57.12524826821457,5.108507936507936,0.52,3.36,0.08,0.48,737863,67.83716369058972,3.67752886002886,0.56,4.12,0.16,0.44,93237,0,100,BR1_2329282511
297,47.889947856519896,3.7532258852258855,0.48,5.32,0.44,1.36,8033741,39.63745190529027,2.869565656565656,0.44,4.2,0.36,1.6,2634989,1,200,BR1_2330376678
298,48.64541502941084,3.725777777777777,0.6,4.72,0.24,1.56,1954719,48.433321609744105,3.5369487179487185,0.64,5.64,0.16,1.4,574664,1,200,BR1_2330362145
299,45.67204425291504,3.7627814407814406,0.56,6.08,0.84,1.76,2234672,48.72911457631559,2.9752665439136035,0.52,4.64,0.28,1.24,2849508,1,200,BR1_2330360484
300,43.76574308999005,3.9706666666666672,0.56,4.88,0.28,1.8,357126,60.78581506412688,4.621424575424575,0.6,5.16,0.32,1.24,1292190,0,100,BR1_2330279246
301,39.46573566685243,2.5627431457431458,0.28,4.28,0.24,1.44,2031501,48.03151886449055,3.164481962481963,0.52,5.04,0.4,1.88,976277,0,200,BR1_2330276898
302,38.86751809957048,3.292222222222222,0.4,5.08,0.72,2.0,705864,44.08483323702168,3.8828888888888895,0.6,4.92,0.56,1.44,2454840,0,200,BR1_2329708567
303,44.78430395346746,4.023184704184704,0.64,5.56,0.56,2.0,568863,40.36802837888752,3.418162393162393,0.48,4.24,0.24,1.2,4258285,1,100,BR1_2329743957
304,40.8231502539995,2.4432698412698413,0.36,5.2,0.52,1.68,3306285,44.04012195835125,2.441813186813187,0.44,3.6,0.32,1.36,202442,1,200,BR1_2329713578
305,47.37809937903105,3.3324329004329005,0.52,4.92,0.4,1.2,618613,48.80566091795929,3.313424242424242,0.48,3.72,0.24,1.28,542459,1,200,BR1_2329742099
306,57.61143831537211,3.941468864468866,0.76,6.16,0.36,1.6,174845,64.26236097766474,3.155724386724387,0.64,6.04,0.28,1.48,200724,1,100,BR1_2332486437
307,44.97935146964164,4.087014319014319,0.68,4.64,0.4,1.4,3391618,35.793829414062635,2.67004761904762,0.44,3.84,0.48,1.32,1088445,1,100,BR1_2332494206
308,68.7595342863581,3.677194916194917,0.52,2.72,0.0,0.0,177736,66.69787189189685,3.453433066933067,0.68,3.56,0.08,0.32,103102,1,200,BR1_2332502920
309,67.2957733866426,4.6180552780552775,0.56,3.4,0.08,0.48,366095,63.77777371519931,3.410969363969364,0.76,4.56,0.12,0.6,231697,1,200,BR1_2332501450
310,48.96798867406957,3.2490641025641027,0.56,4.92,0.52,1.36,1325938,39.435247163589,3.573253968253968,0.52,4.52,0.4,1.44,1899236,1,100,BR1_2331695156
311,56.90010226756014,2.169696264519794,0.52,3.88,0.12,0.96,46217,61.81586370493151,3.33019758019758,0.76,5.04,0.16,0.72,239389,1,200,BR1_2331467625
312,62.490562510077616,3.674212010212009,0.76,4.84,0.16,0.64,93785,61.25673746231405,3.5516645021645026,0.32,2.68,0.08,0.52,101550,1,100,BR1_2331444861
313,58.5517709655757,2.594473748473748,0.6,5.16,0.24,0.96,152193,62.51820756793262,3.4664891774891773,0.48,2.88,0.04,0.2,186564,0,100,BR1_2331109201
314,47.07681565395556,4.236223776223777,0.64,5.92,0.48,1.92,441784,58.551770965575685,2.594473748473748,0.6,5.16,0.24,0.96,134051,1,200,BR1_2331097106
315,54.11347307828244,6.347142857142857,0.56,6.04,0.32,1.92,1161295,58.551770965575685,2.594473748473748,0.6,5.16,0.24,0.96,521403,1,200,BR1_2331085594
316,41.6053940383846,2.972780663780664,0.44,4.72,0.56,1.68,225047,46.717751767279815,3.019456043956044,0.44,5.28,0.48,1.36,359099,0,100,BR1_2330203577
317,46.28372161427135,2.9499149477973003,0.28,3.64,0.28,1.04,3595603,45.66283250626095,3.817047619047619,0.52,5.64,0.56,1.76,318489,1,200,BR1_2329447118
318,47.14302174023903,2.7280180930180933,0.48,4.84,0.36,1.32,2287311,42.68695940865886,3.13068253968254,0.48,4.56,0.24,1.6,309824,0,200,BR1_2329412164
319,49.99123952168527,4.31652380952381,0.52,4.8,0.24,1.36,881198,38.73376087527851,3.2132813852813853,0.48,5.6,0.6,1.4,1432078,0,100,BR1_2329053274
320,38.23949510152443,2.550953823953824,0.52,5.48,0.52,1.88,935624,55.17460892130788,3.2144935064935067,0.56,5.84,0.4,1.36,2947071,1,200,BR1_2328850042
321,44.44036792528975,3.6393145743145743,0.48,5.76,0.52,1.72,1037110,39.141230617448905,2.4099220779220776,0.44,4.44,0.32,1.76,2224997,1,100,BR1_2328775999
322,43.44323078176734,2.294794982794983,0.4,5.24,0.24,1.56,365105,41.59959914605157,2.8507619047619044,0.56,5.44,0.48,1.88,511590,0,100,BR1_2328328898
323,46.97071956806143,4.460909090909091,0.68,6.36,0.52,2.0,5899991,44.7447628706369,2.874578898225957,0.52,5.2,0.24,1.36,313056,0,200,BR1_2328116827
324,41.375461835101085,3.025412698412698,0.48,5.76,0.8,1.84,1155421,47.098278455752144,3.5917402597402592,0.52,5.0,0.32,1.76,119936,1,100,BR1_2331345604
325,46.36636864645472,4.22942383107089,0.72,6.04,0.64,1.68,2453703,42.78600753628826,2.5805555555555557,0.32,4.04,0.48,1.6,874205,0,200,BR1_2331289927
326,37.94208051899592,4.224904761904762,0.64,5.48,0.56,1.64,2645535,41.574329694318166,3.027203463203464,0.6,5.48,0.4,1.56,1225760,1,200,BR1_2331276956
327,38.50701609677717,5.04436507936508,0.52,4.16,0.24,1.12,6987897,36.82540556436492,2.808047619047619,0.52,4.56,0.24,1.44,1879645,0,200,BR1_2331274759
328,41.197684031310935,4.841015873015873,0.56,5.28,0.56,2.08,4249227,45.48311178552085,4.357777777777777,0.68,6.64,0.64,2.16,550482,0,200,BR1_2331281293
329,44.251898257652975,3.2986525696525693,0.68,4.6,0.56,1.76,540447,43.18345165346231,3.8305555555555553,0.56,5.64,0.64,2.16,406348,1,200,BR1_2331069243
330,42.54684580441994,3.925047619047618,0.56,5.32,0.6,1.8,1941338,48.433949763737,4.9351172161172165,0.56,4.92,0.36,1.0,2743371,1,100,BR1_2330667450
331,46.18621338163644,3.178489177489177,0.68,6.32,0.48,2.24,2823248,44.137435917764016,2.6918951048951056,0.4,5.48,0.44,1.88,3092985,1,100,BR1_2329914436
332,49.02205973247235,3.9674603174603176,0.44,4.96,0.4,1.52,4849715,38.40073333528045,2.523253968253968,0.52,5.2,0.52,1.88,1063765,0,100,BR1_2329920933
333,47.30940793873797,3.8425555555555553,0.56,5.92,0.36,1.56,752812,39.95397403032381,2.375454545454545,0.28,4.32,0.48,1.4,516832,1,200,BR1_2329877680
334,38.07555542500615,2.299857142857143,0.32,3.52,0.28,1.2,480320,42.23901112934416,3.4978571428571428,0.44,4.56,0.24,1.48,1367511,0,100,BR1_2332232677
335,37.913148308364974,3.068380952380952,0.56,4.76,0.4,1.24,3165430,39.76538095509647,3.606857142857144,0.6,5.12,0.52,1.8,1586901,0,100,BR1_2331526029
336,45.990575066486834,3.6905165945165934,0.52,5.36,0.44,1.8,966262,40.538236159390095,4.61768253968254,0.6,5.48,0.36,1.64,596019,1,200,BR1_2330744278
337,39.36343570886771,2.228283716283716,0.28,3.16,0.2,1.04,1585018,52.20976608010925,4.1428730158730165,0.52,4.76,0.28,1.68,1912264,1,200,BR1_2330059454
338,43.819181484351546,5.971444444444444,0.72,6.2,0.48,2.12,8569524,42.59826808075783,3.558864468864469,0.56,5.88,0.56,1.84,1522516,0,200,BR1_2329551739
339,38.39985408139464,4.589047619047619,0.6,5.68,0.68,2.12,2026909,40.90450958924307,4.615940836940837,0.6,5.64,0.4,1.72,111697,0,200,BR1_2328739391
340,46.1255506295078,4.929134199134199,0.56,6.16,0.48,2.04,6808652,48.05711968507443,3.952840048840049,0.44,4.8,0.44,1.48,338517,1,200,BR1_2328056880
341,57.503339630559225,3.638575091575092,0.48,4.6,0.32,1.56,711919,44.35994231867823,2.4196984126984127,0.36,4.32,0.28,1.52,336494,0,200,BR1_2327212868
342,47.33758950662735,3.68332967032967,0.52,4.24,0.48,1.36,1452312,43.96789260391033,2.7623680763680767,0.44,5.44,0.4,1.72,516116,0,200,BR1_2326750016
343,46.19837549078104,8.905238095238095,0.6,5.84,0.24,1.44,2283025,48.02609464060284,2.865285714285714,0.52,5.12,0.4,1.44,1093114,0,100,BR1_2325513280
344,38.9296474658037,4.13466033966034,0.48,5.44,0.56,2.2,3201771,45.01000907699497,3.326238095238096,0.6,6.28,0.64,1.6,98384,1,200,BR1_2332593642
345,42.3574060799457,2.5434866244866243,0.44,6.28,0.4,1.96,719255,43.61127994057198,3.2927020757020755,0.64,5.92,0.72,1.56,1922943,1,200,BR1_2332509597
346,40.18316851073705,3.5640952380952378,0.64,5.68,0.68,1.96,1424390,43.497535342610334,2.5495397935397937,0.36,4.72,0.28,1.12,618817,0,200,BR1_2332506258
347,44.04381954420517,2.6516984126984124,0.52,4.92,0.4,1.4,4560433,44.19384381442521,3.402747474747475,0.56,6.12,0.52,1.68,1963503,0,200,BR1_2332398871
348,48.55466727759855,3.733898989898989,0.6,5.4,0.4,1.48,3377246,44.33687789769144,3.3315873015873025,0.6,4.88,0.44,1.76,542313,1,200,BR1_2332126940
349,47.19744475284021,4.162585447232506,0.72,6.72,0.48,1.56,2207686,38.387773984215,3.1586666666666674,0.52,4.88,0.36,1.24,1399100,0,200,BR1_2332172441
350,39.95299114569325,2.5746788766788766,0.44,4.88,0.4,1.48,1162316,47.820807083273145,5.568555555555556,0.52,4.52,0.28,1.44,1858931,1,200,BR1_2332108408
351,45.47332258407789,2.283333333333333,0.52,4.8,0.4,1.36,1001710,43.491918352882166,3.700363636363636,0.56,5.64,0.52,1.8,360405,0,100,BR1_2331830722
352,43.127224575315466,4.48236507936508,0.64,6.04,0.64,1.72,302413,51.20878988151409,2.804285714285714,0.56,5.68,0.48,1.84,1363385,0,100,BR1_2331737518
353,45.72340847913354,2.9831199911199917,0.48,6.0,0.36,1.92,4361505,43.1608880160394,3.079525252525253,0.64,5.48,0.52,1.24,804516,1,200,BR1_2331368709
354,54.01237071404941,4.259719887955182,0.56,4.76,0.28,1.36,936637,45.83290967772657,4.057666666666666,0.6,5.2,0.36,1.76,1444606,0,100,BR1_2331355387
355,44.37981148412365,2.219904761904762,0.44,4.4,0.28,1.16,315429,44.69976702786595,2.7869999999999995,0.56,5.36,0.56,1.52,556052,1,200,BR1_2331402560
356,41.39926790946495,2.8165887445887443,0.48,3.92,0.36,1.2,1333999,43.98203582546037,4.2973968253968255,0.6,5.56,0.48,1.44,2651695,1,100,BR1_2328101365
357,52.05389821763632,3.343757164404224,0.56,4.76,0.4,1.2,3071638,50.819815220103145,3.1818427128427125,0.4,4.4,0.32,1.08,1075009,0,200,BR1_2327961953
358,46.47787456571927,4.081047619047619,0.56,4.32,0.44,1.32,1662199,41.17810852132103,2.4357489177489176,0.6,4.6,0.48,1.44,1240386,0,200,BR1_2327930831
359,45.8547226585009,2.8432582972582976,0.6,5.84,0.44,1.92,1401057,50.96894321270119,3.5796666666666663,0.48,4.6,0.44,1.16,1496538,1,200,BR1_2327897487
360,39.84484057040668,2.6391760461760465,0.48,4.6,0.36,1.64,1868254,43.28536282561136,2.982984126984127,0.52,5.0,0.64,1.52,436661,1,200,BR1_2327874739
361,45.66732791106578,2.763207792207792,0.44,3.68,0.24,1.16,627426,48.03408700285848,2.6761269841269844,0.48,5.56,0.32,1.76,1197429,0,100,BR1_2327331280
362,38.20013842239202,3.409285714285714,0.4,4.72,0.44,1.68,3054679,42.25511620475162,2.4933561993561995,0.4,4.04,0.48,1.2,336362,0,200,BR1_2327248878
363,49.367252435174144,3.9224357864357855,0.72,6.8,0.56,2.28,2306041,49.96488975041121,2.9524281045751635,0.56,5.64,0.4,1.44,227591,0,200,BR1_2331466518
364,66.99208070180798,3.8608128259769128,0.56,3.52,0.04,0.52,176475,61.02987416292215,4.202376878023937,0.6,5.2,0.2,1.0,20410,1,200,BR1_2330251562
365,42.73230872439351,2.1642296918767507,0.36,4.16,0.36,1.12,1134753,44.87762159145726,3.34081018981019,0.56,5.52,0.36,1.48,484248,1,100,BR1_2330175522
366,42.1461349367405,4.2075670995671,0.64,4.56,0.28,1.36,720833,45.271171934657424,3.2782296918767515,0.56,5.52,0.52,1.72,104554,0,200,BR1_2329291767
367,67.31806109273755,3.15277648438518,0.44,3.44,0.04,0.4,174199,57.64160392529702,3.1045180701651294,0.56,4.32,0.12,0.92,78107,1,200,BR1_2329206567
368,55.33780987364918,2.775238793885852,0.48,4.36,0.12,1.04,577378,56.04456986266762,3.925698412698413,0.56,3.64,0.08,0.68,65142,1,100,BR1_2329185599
369,55.81871352022286,4.730500754147813,0.6,5.2,0.2,1.4,670313,64.6725494750938,4.707369963369964,0.6,5.6,0.28,1.16,273336,0,100,BR1_2328954959
370,61.046251159657714,4.245793683440743,0.52,4.68,0.16,1.08,606272,67.101620835032,5.423224442224442,0.64,5.4,0.16,1.04,651545,1,100,BR1_2328944073
371,58.176312246215154,3.120891812865497,0.4,3.08,0.2,0.72,190386,58.47381022358639,4.220076511723571,0.6,5.24,0.24,1.28,15828,1,200,BR1_2328962137
372,59.46222901926629,4.230364145658264,0.56,3.72,0.0,0.76,219900,63.4352572901937,5.0405527021997605,0.68,5.44,0.2,1.32,46275,0,200,BR1_2328889365
373,45.27569498909056,4.284285714285714,0.8,6.48,0.6,2.08,1613964,37.91757190001191,3.2711673881673886,0.6,4.72,0.52,1.88,713595,0,200,BR1_2332680354
374,36.930682120663626,3.4953766233766235,0.32,3.56,0.44,1.4,5139454,44.12325259788803,5.152484848484849,0.76,5.96,0.56,2.24,815570,1,200,BR1_2332558350
375,37.94899103570215,2.920025419025419,0.36,4.48,0.48,2.12,3202665,45.22604691324772,3.859571428571429,0.64,6.56,0.68,1.68,98384,0,100,BR1_2332593642
376,38.76639212807829,2.627376623376623,0.44,3.76,0.28,1.56,4270161,39.92404744377638,4.041289377289377,0.44,4.04,0.36,1.44,1142861,1,100,BR1_2332551331
377,44.28243854295927,4.635793735676088,0.4,4.84,0.4,1.68,1844770,43.63254148552379,3.701402597402597,0.68,5.68,0.64,2.36,196224,1,200,BR1_2332487732
378,38.95696673883463,2.636188034188034,0.48,5.2,0.28,1.84,599870,38.04965456740548,3.3674871794871795,0.8,5.24,0.44,2.12,722159,1,200,BR1_2332204139
379,36.52889905382275,2.133802475302476,0.28,3.28,0.24,1.32,412235,38.82516507961621,3.3381587301587303,0.76,5.4,0.52,2.2,679281,1,200,BR1_2332179766
380,42.86054967926111,4.564809523809523,0.52,4.92,0.6,1.88,740684,37.93258134234729,3.0674487734487736,0.44,4.92,0.28,1.6,232276,1,100,BR1_2331499479
381,39.551644324684496,3.5556767676767684,0.48,5.56,0.52,1.76,1331443,38.82296112351078,4.697222222222222,0.56,4.92,0.32,1.96,556202,0,200,BR1_2331316869
382,46.35100674286039,2.5646262626262626,0.48,4.76,0.48,1.6,204062,47.08108471307057,4.989440781440781,0.72,6.32,0.64,2.16,795010,0,200,BR1_2331294385
383,63.409371426233,2.4053181720240544,0.6,7.84,0.0,1.48,1236977,58.88750999922606,2.280053724053724,0.56,4.76,0.56,0.68,110945,0,100,BR1_2332433330
384,63.409371426233,2.4053181720240544,0.6,7.84,0.0,1.48,1224991,54.08460517829739,4.014770562770563,0.56,6.04,0.4,1.72,126638,0,100,BR1_2332452502
385,55.073818114871976,3.749735930735931,0.64,6.32,0.6,1.48,671164,63.409371426233,2.4053181720240544,0.6,7.84,0.0,1.48,1119030,1,200,BR1_2332432149
386,53.04344586192008,3.907395382395382,0.48,4.76,0.28,1.68,503741,63.409371426233,2.4053181720240544,0.6,7.84,0.0,1.48,1119030,1,200,BR1_2332460917
387,51.02086769389011,2.062733821733822,0.4,4.4,0.28,1.12,264518,65.54970276881357,2.568602665308548,0.68,8.32,0.0,1.52,1085746,1,200,BR1_2332420217
388,55.11178068091774,3.7654473304473295,0.52,4.8,0.16,1.44,105704,66.51787752222701,2.6652693319752143,0.72,8.52,0.0,1.64,1085746,1,200,BR1_2332368909
389,70.42553310675764,3.127611832611833,0.76,9.12,0.08,1.88,697810,54.48304507678299,3.4188242737654497,0.48,4.08,0.24,0.8,33226,1,100,BR1_2332376315
390,70.42553310675764,3.127611832611833,0.76,9.12,0.08,1.88,740737,57.56033390384265,2.04111433011433,0.52,4.88,0.16,1.36,751,1,100,BR1_2332334544
391,70.42553310675764,3.127611832611833,0.76,9.12,0.08,1.88,697503,52.35063836875297,1.9854536574536576,0.28,3.92,0.28,1.08,4009,1,100,BR1_2332392511
392,70.42553310675764,3.127611832611833,0.76,9.12,0.08,1.88,699534,59.19011676914365,4.328212898212899,0.8,7.68,0.52,2.08,167205,0,100,BR1_2332318348
393,43.2703659750197,2.6208961038961043,0.4,3.84,0.32,2.08,3216139,42.52645220210709,4.9673968253968255,0.76,7.08,0.64,2.0,227081,1,200,BR1_2332474049
394,43.60643881365246,7.007285714285713,0.68,6.4,0.44,1.72,4011077,49.97917301250197,3.3191818181818182,0.36,4.32,0.32,1.28,369385,1,100,BR1_2331744835
395,43.425852480040376,3.107930043812396,0.36,4.44,0.4,1.16,2230370,43.95931501663168,3.4936580086580085,0.68,5.8,0.4,2.52,256135,0,100,BR1_2331522709
396,41.088514326404365,3.775455988455988,0.64,5.88,0.6,1.64,2280938,43.91486173955714,3.749902652902653,0.44,5.32,0.72,1.8,4971195,1,200,BR1_2331288696
397,49.504716181303735,3.2408806748806747,0.6,5.92,0.48,1.84,729562,36.58366867978768,2.285333333333333,0.4,5.2,0.68,2.08,2788063,0,200,BR1_2330461568
398,43.732042912521,3.323460317460318,0.44,4.84,0.48,1.36,3296470,40.29444499915999,2.581967032967033,0.52,5.04,0.48,1.28,605819,0,200,BR1_2329465245
399,49.4142252978576,3.8037923187923184,0.44,3.96,0.32,1.16,1279261,40.29319364661245,4.065269841269841,0.52,5.56,0.64,1.84,2598583,0,100,BR1_2329460680
400,68.71906360055236,3.188721389721389,0.6,3.72,0.04,0.16,346052,59.4610834043864,3.715255411255411,0.6,5.72,0.32,1.44,327831,0,200,BR1_2328583992
401,44.29945146188015,2.819160894660895,0.4,4.48,0.36,1.24,3454779,49.375141860102055,3.8782081252081246,0.44,5.28,0.28,1.64,4325310,0,100,BR1_2328209213
402,45.06887022302536,5.134082251082251,0.44,4.24,0.32,1.56,4476651,48.80711622068345,4.692603174603175,0.52,4.76,0.32,1.12,5663212,0,200,BR1_2327853078
403,43.76484769255574,4.182434343434343,0.56,4.92,0.24,1.8,1318516,44.74088411216336,3.0045269175269183,0.52,5.92,0.6,1.4,1767778,0,200,BR1_2331502193
404,44.42115605235216,3.796907647907648,0.52,5.4,0.48,2.0,1878355,39.25589757171962,3.5854285714285714,0.4,4.2,0.36,1.56,2202195,1,100,BR1_2331417481
405,43.00351577981967,3.0762857142857145,0.48,4.76,0.44,1.68,708079,48.28567570969764,3.2251919191919187,0.6,6.48,0.44,2.04,2639640,0,100,BR1_2331454766
406,40.34760780359522,2.582206349206349,0.48,4.8,0.32,1.8,3382720,46.98697617415142,4.074000000000001,0.4,4.72,0.44,1.36,1610922,0,100,BR1_2331441857
407,37.1615025378002,3.478492063492064,0.56,5.28,0.52,1.8,1782348,43.47934632216835,2.797190476190476,0.52,5.36,0.44,1.48,1970923,1,100,BR1_2331399910
408,41.08985450398599,4.215904761904762,0.48,3.92,0.36,1.44,1459145,45.40651423596848,3.754549783549784,0.48,3.84,0.36,1.32,752307,0,200,BR1_2331367075
409,48.07593416842371,3.875842490842491,0.56,5.72,0.36,1.96,2519462,48.576880235919525,3.5933539793539784,0.28,3.36,0.2,1.0,747742,1,200,BR1_2329927861
410,41.145907702943006,3.929650793650794,0.4,4.12,0.6,1.44,709808,42.34084560652923,4.205698412698413,0.52,5.16,0.36,1.96,1240598,1,100,BR1_2329943354
411,43.26775097958722,3.795181818181818,0.36,4.12,0.52,1.48,1188307,42.82554926285259,2.9932288822288835,0.48,4.92,0.48,1.56,321085,0,200,BR1_2329899255
412,48.03375456661612,4.768095238095238,0.68,5.88,0.64,1.48,5227454,46.86710193103656,3.703314574314575,0.32,4.36,0.32,1.56,905184,1,100,BR1_2329895848
413,44.5420688753669,4.2059401709401705,0.48,4.92,0.56,1.76,5564951,43.72485554562649,3.134684315684316,0.48,5.2,0.36,1.64,1125292,0,200,BR1_2332402558
414,51.21292612582778,2.768857005739359,0.68,6.92,0.24,1.4,41288,58.761427754938985,3.2108942168942174,0.72,7.64,0.52,1.96,335195,1,100,BR1_2332274021
415,46.240340447802566,2.9561764346764345,0.6,5.04,0.32,1.52,4110538,44.38148982321108,3.0142178932178934,0.56,5.08,0.2,1.44,576663,1,200,BR1_2327427146
416,48.92893968385565,3.522733821733821,0.48,5.08,0.36,1.84,6618529,42.24626108448828,4.082095238095238,0.6,6.24,0.32,1.2,618186,1,200,BR1_2327064080
417,37.76694036833754,2.655730158730159,0.6,5.32,0.6,1.8,5069651,42.92150717688761,2.6732453102453104,0.4,3.96,0.12,0.84,1271765,0,200,BR1_2327024719
418,42.4478196059113,4.403672771672771,0.6,6.28,0.6,2.12,7048555,45.1503778956592,3.23212432012432,0.56,4.32,0.28,1.4,3241146,0,100,BR1_2327032619
419,43.90959992611562,3.56963492063492,0.52,5.68,0.52,2.12,1040470,44.26212049691399,5.034666666666667,0.6,5.6,0.32,1.56,344627,0,200,BR1_2326931520
420,51.75037041476045,2.968541125541125,0.48,3.6,0.08,0.6,129394,65.64757453293073,4.584246309246309,0.4,3.44,0.0,0.12,191020,1,100,BR1_2326294848
421,46.02592593873823,4.023720057720058,0.6,6.56,0.56,1.68,2247936,47.156680293923344,3.024428571428571,0.48,4.84,0.36,1.52,1015852,0,200,BR1_2324655690
422,37.86553353374458,2.700268398268398,0.28,3.92,0.24,1.28,754631,43.23726308220499,3.743838468720822,0.44,4.56,0.52,1.96,449303,0,100,BR1_2330967328
423,41.26257377271511,5.503930735930736,0.52,5.68,0.4,2.04,4482623,41.43235486758756,3.772063492063492,0.4,5.08,0.44,1.48,706293,0,100,BR1_2330995572
424,36.53727458553308,2.8031370851370854,0.28,4.24,0.32,1.36,2527086,49.98904484007655,3.4672929292929293,0.6,4.92,0.44,1.68,890711,1,100,BR1_2331003297
425,41.30675607755266,3.43646176046176,0.44,5.48,0.52,1.8,2857510,39.14038630697075,3.2468427128427124,0.4,3.8,0.24,1.4,466831,1,200,BR1_2330972322
426,50.44550075942065,5.042666222666224,0.52,4.28,0.48,1.44,1242690,46.41999528166207,4.191645021645021,0.64,6.32,0.44,2.0,1771377,1,200,BR1_2330922768
427,47.63730659767012,5.715428571428572,0.56,5.36,0.52,1.44,1045125,40.59355192898713,3.6087373737373736,0.4,5.04,0.4,1.6,110846,0,200,BR1_2330855074
428,44.032878395376336,4.117666666666667,0.6,4.56,0.48,1.56,1715753,45.3260910312772,3.9467243867243873,0.44,5.28,0.32,1.44,298724,1,200,BR1_2330830594
429,41.58684423792894,2.929098124098124,0.6,4.92,0.32,1.96,1064756,47.39635390871515,2.5566371406371404,0.36,5.2,0.44,1.4,1690159,1,200,BR1_2330590779
430,41.69262761320506,3.70368253968254,0.48,4.08,0.28,1.24,2055194,42.53638268813225,4.260674547674547,0.68,6.88,0.48,2.28,6313932,0,100,BR1_2332229244
431,51.30606894432615,2.108253968253968,0.36,3.48,0.12,1.08,1575113,41.99621759917034,4.520666666666667,0.84,7.08,0.4,1.92,28687,1,200,BR1_2329954426
432,49.26198745894534,5.148063492063491,0.52,5.88,0.48,1.64,2781735,42.32998473304142,4.274333333333334,0.76,6.6,0.76,1.76,1435805,1,200,BR1_2328141590
433,37.08847001921881,4.091063492063492,0.56,5.88,0.52,1.6,3642567,48.87322252007308,4.748444444444445,0.52,4.56,0.16,1.04,1393024,1,200,BR1_2328115052
434,50.99515504149667,4.145522588522589,0.44,4.72,0.44,1.4,1314712,40.24198248494727,4.224730158730158,0.48,4.76,0.36,1.6,1132929,0,200,BR1_2328059935
435,46.1255506295078,4.929134199134199,0.56,6.16,0.48,2.04,6808652,48.61538586853531,3.9968400488400486,0.44,4.68,0.44,1.4,338517,0,100,BR1_2328056880
436,43.02045539698669,3.818666666666666,0.6,5.52,0.6,1.72,5453510,50.84029762045206,5.11030303030303,0.56,5.72,0.52,2.12,1903143,1,200,BR1_2328041363
437,45.38027371456951,4.385253968253968,0.56,5.68,0.56,1.68,1402405,58.240453883017175,4.518636363636364,0.56,4.52,0.36,1.44,1772616,1,100,BR1_2327990674
438,40.92655095509942,3.531324675324675,0.44,4.92,0.2,1.56,2840162,49.79647569262529,4.7316666666666665,0.52,5.36,0.44,1.8,240035,0,200,BR1_2325403582
439,46.11453362926559,2.712079365079365,0.68,5.32,0.44,1.8,2428181,54.092473927685525,4.481308802308804,0.68,5.36,0.48,1.36,1877712,0,200,BR1_2325319431
440,35.92078605975436,2.1633174603174603,0.4,4.64,0.32,1.72,542865,43.26371054334328,2.824176157176157,0.56,6.52,0.56,1.88,135026,1,200,BR1_2332318793
441,41.20790766179688,2.511717171717172,0.2,4.32,0.24,1.2,891866,42.51834541257556,2.498707903207903,0.64,6.28,0.4,2.08,172281,1,200,BR1_2332303045
442,43.41174206471049,3.335251082251082,0.52,6.12,0.68,2.32,2096983,43.91315192762919,6.239079365079366,0.64,6.24,0.32,1.92,2456925,1,200,BR1_2332062486
443,40.437153117784696,3.464285714285714,0.64,6.6,0.56,2.08,1294351,46.0308095254104,3.8477777777777775,0.52,5.44,0.4,1.76,1542830,1,100,BR1_2331985193
444,49.367252435174144,3.9224357864357855,0.72,6.8,0.56,2.28,2306041,50.26050704071339,2.8952376283846872,0.6,6.16,0.44,1.72,227591,0,200,BR1_2331466518
445,51.80332744803047,3.46259484959485,0.44,5.56,0.52,1.2,3880881,47.77075490342279,4.058650793650793,0.64,5.88,0.44,1.68,1657339,0,200,BR1_2330183167
446,42.98811558484733,3.667910866910866,0.52,4.84,0.32,1.68,919763,44.15090917850278,3.1221238761238754,0.52,5.52,0.44,1.4,1372818,1,200,BR1_2329947342
447,45.71817178145992,3.750666666666667,0.6,5.8,0.32,1.64,2921134,48.49665527440866,3.960793650793651,0.52,5.2,0.32,1.72,1008537,1,200,BR1_2329764128
448,44.67425133844009,5.234285714285713,0.68,5.84,0.44,1.84,1017394,39.46380684075601,3.21190342990343,0.48,5.4,0.32,1.92,20773,0,200,BR1_2328838271
449,37.12270637066506,4.457121212121212,0.44,4.48,0.36,1.48,1838512,45.38834871395852,3.622614718614719,0.68,5.76,0.56,1.24,2024558,0,100,BR1_2332228824
450,43.35491721575197,4.163380952380953,0.48,5.6,0.48,2.0,6167182,42.196290856437656,3.3568095238095244,0.52,4.28,0.68,1.16,175326,1,200,BR1_2331510680
451,50.7617580168408,5.106666222666223,0.56,4.52,0.52,1.56,1242690,46.41999528166207,4.191645021645021,0.64,6.32,0.44,2.0,1771377,0,100,BR1_2330922768
452,44.924765564094926,3.307264069264069,0.36,4.12,0.28,1.0,1507505,45.15891005001124,3.936555555555556,0.44,4.88,0.4,1.8,671798,0,200,BR1_2330788889
453,41.51633643829848,2.721759018759019,0.4,4.48,0.36,1.32,3607680,44.306946549821866,3.0699804639804644,0.48,4.32,0.32,1.16,198392,1,200,BR1_2330218142
454,45.75234448368526,2.487984126984127,0.52,5.56,0.48,1.4,1438265,41.80108695975596,2.9805873015873017,0.48,4.8,0.4,1.48,86344,0,200,BR1_2328073588
455,45.41527513979875,4.692698412698412,0.6,5.4,0.24,1.56,1614103,44.31452125921973,4.961953823953824,0.68,6.6,0.68,1.96,814384,0,200,BR1_2327238898
456,43.18001376936942,3.7311147741147743,0.56,5.2,0.52,1.72,3458386,37.82131636067782,4.782936507936508,0.48,4.28,0.32,1.52,327486,1,200,BR1_2327205961
457,40.59378337791348,4.313273504273504,0.44,4.28,0.36,1.52,5817847,39.79915584228702,4.798743589743589,0.48,4.88,0.44,1.64,3188107,1,200,BR1_2326251579
458,40.571576078271285,2.860751803751804,0.6,6.76,0.76,2.04,2369013,47.92872441873246,4.82499582289056,0.68,5.8,0.56,2.08,1362082,1,200,BR1_2324823002
459,41.05153893562692,3.1858917748917754,0.52,4.72,0.48,1.44,4115016,39.5940242011614,4.156481962481962,0.4,4.72,0.32,1.92,179912,1,200,BR1_2330812971
460,47.576298493754486,2.7939523809523807,0.48,4.96,0.24,1.48,550209,43.461601537653245,3.600714285714286,0.48,4.72,0.2,1.52,1126180,0,200,BR1_2330642441
461,41.58684423792894,2.929098124098124,0.6,4.92,0.32,1.96,1064756,47.41080986968061,2.558065712065712,0.36,5.12,0.44,1.36,1690289,0,100,BR1_2330590779
462,47.86196035798892,4.362406926406926,0.56,5.88,0.52,1.2,2069114,56.095338211239394,3.1248686868686866,0.52,5.68,0.28,1.4,526366,0,200,BR1_2330517898
463,36.5196008657576,3.5833708513708507,0.48,4.64,0.6,1.72,743208,42.97223722769952,4.18226984126984,0.6,6.6,0.56,2.08,2913005,1,200,BR1_2330534221
464,48.57701208672675,4.650841269841269,0.56,4.44,0.28,1.56,2051116,50.01577204200336,2.5308571428571427,0.4,4.84,0.32,1.48,132264,0,200,BR1_2329920519
465,37.988559327629936,3.934809523809524,0.68,5.28,0.4,1.88,455455,37.89826738547699,2.743142857142857,0.4,4.84,0.44,1.84,230038,0,200,BR1_2329857305
466,44.8947287692343,3.109565323565324,0.4,4.72,0.36,1.44,3889569,38.85767354465706,2.7656291486291487,0.28,4.32,0.28,1.4,2596912,1,200,BR1_2329580542
467,39.34573728988775,4.498467532467533,0.52,5.76,0.64,1.84,3895977,50.358890995227775,4.56952380952381,0.64,6.36,0.48,1.28,135640,0,100,BR1_2328852979
468,41.594604185030455,3.896111111111111,0.48,5.32,0.36,1.76,6128660,55.459030188979305,3.840766468825292,0.52,4.44,0.44,1.44,259495,1,100,BR1_2328003455
469,39.54554167413107,3.658336940836941,0.4,4.44,0.32,1.6,1586477,45.33246258367247,3.3467272727272728,0.48,5.68,0.28,1.6,476044,0,100,BR1_2332248383
470,50.937832608643454,4.247474747474748,0.6,5.24,0.36,1.56,1978347,45.250128779475,3.62448051948052,0.56,5.28,0.52,1.16,475737,1,100,BR1_2332210361
471,40.85472045691054,3.174285714285714,0.64,5.88,0.56,1.96,554664,39.5828103215597,3.476088911088911,0.32,4.32,0.28,1.2,1874220,1,200,BR1_2331676732
472,46.04833108440776,3.26368253968254,0.48,4.72,0.44,1.6,2228620,40.09628334652264,3.622949494949496,0.44,4.56,0.52,1.32,1013909,1,200,BR1_2331655203
473,43.1139450522065,3.335924963924964,0.48,5.04,0.4,1.52,2033363,42.21604501804572,3.080186147186148,0.44,4.28,0.4,1.6,961454,0,100,BR1_2331522308
474,40.72663452742297,2.611006549006549,0.4,4.04,0.28,1.48,876495,46.10417275271082,6.559997113997112,0.64,5.52,0.36,1.48,879695,1,200,BR1_2330867686
475,39.32518485670188,3.76601443001443,0.48,4.68,0.36,1.76,1014607,41.88575557629733,3.735353535353535,0.6,5.72,0.44,1.84,548359,0,100,BR1_2330304126
476,45.85756164666955,4.052614718614719,0.64,6.32,0.32,2.04,409772,58.39914215653844,7.020359307359306,0.6,5.36,0.12,0.88,775999,0,100,BR1_2326686790
477,41.35712772183083,5.070363636363636,0.6,5.64,0.44,1.72,2614273,38.63870124255248,5.03273015873016,0.56,5.08,0.4,1.56,3875668,0,100,BR1_2326241568
478,41.05171140263727,2.950660894660895,0.52,5.44,0.56,1.72,350713,41.15702896458821,2.534835497835498,0.28,2.76,0.24,1.08,675332,0,100,BR1_2324914993
479,54.84263756565984,5.004603174603175,0.56,5.76,0.44,1.44,2466998,40.08949698882095,3.6287142857142856,0.4,3.92,0.48,1.32,436149,0,200,BR1_2332670061
480,44.23854148507164,3.5622222222222217,0.76,5.72,0.48,1.88,1550329,37.43540526621362,1.9030476190476189,0.32,3.56,0.36,1.2,943706,0,200,BR1_2332557642
481,34.84660062509335,2.5926984126984127,0.52,4.4,0.52,1.6,475472,37.598119268715294,4.188476190476191,0.44,3.64,0.24,1.36,480828,0,200,BR1_2332552756
482,58.738030365020414,4.654492063492064,0.48,3.56,0.16,0.64,431742,61.82901732762535,3.8135108225108234,0.44,3.2,0.0,0.28,100528,1,200,BR1_2332509695
483,39.257131156904144,1.8843650793650792,0.44,4.08,0.28,1.2,1278425,45.97795728654848,3.6872857142857143,0.76,6.08,0.64,1.64,710478,0,100,BR1_2332358003
484,38.65495326101895,3.708571428571428,0.48,5.76,0.64,2.12,1108131,42.44330220698119,2.1057099567099566,0.4,3.32,0.24,1.0,415282,0,200,BR1_2332363505
485,42.54113141916493,3.461930735930736,0.6,4.88,0.44,1.44,500464,36.9979854332799,3.2502539682539684,0.48,3.64,0.36,1.4,487257,1,100,BR1_2332289133
486,43.88328442752699,3.981454545454546,0.6,5.52,0.48,1.48,954262,40.60495325709065,2.758829725829725,0.52,5.2,0.52,1.52,363450,1,100,BR1_2332273714
487,41.3569091513366,3.5830476190476195,0.48,4.4,0.28,1.24,2056084,42.53638268813225,4.260674547674547,0.68,6.88,0.48,2.28,6313932,0,100,BR1_2332229244
488,38.19828195846695,2.286523809523809,0.32,3.44,0.2,1.08,480320,42.23901112934416,3.4978571428571428,0.44,4.56,0.24,1.48,1367511,0,100,BR1_2332232677
489,37.2547929674408,2.556160173160173,0.52,4.84,0.36,1.52,2081159,40.397035657334,3.851640692640693,0.44,4.12,0.4,1.76,430724,1,200,BR1_2331984163
490,37.49173806878556,5.069636363636365,0.6,4.84,0.4,1.52,2178087,42.958320740457694,3.256922077922078,0.48,5.12,0.56,1.6,412920,1,100,BR1_2332041554
491,43.20334450988207,3.748662337662337,0.48,4.48,0.28,1.28,1351627,37.52884697235591,4.645,0.4,3.72,0.24,1.68,101622,0,200,BR1_2331849159
492,43.35051288666418,3.797619047619048,0.56,5.6,0.44,1.48,1025090,37.96651670775973,4.397349206349206,0.52,5.32,0.48,1.72,930175,1,200,BR1_2331867087
493,45.330914883646976,4.607861471861471,0.44,5.36,0.4,1.68,3527277,40.90103174617219,6.021333333333334,0.52,5.12,0.48,1.76,437611,0,200,BR1_2331831038
494,49.80868077631422,4.367507936507937,0.44,5.68,0.32,1.44,1585238,40.53175844441351,4.753777777777778,0.64,6.0,0.48,1.84,7323170,1,200,BR1_2331728230
495,43.83706978865198,4.763754689754689,0.68,6.04,0.44,1.6,833045,39.44691280173524,3.185995115995115,0.48,5.04,0.52,1.32,315474,1,100,BR1_2331486617
496,45.79261058582492,3.500063492063492,0.4,3.68,0.2,1.0,1440077,41.94463194096443,3.429539682539683,0.6,5.56,0.36,1.96,1623013,1,200,BR1_2330562219
497,65.51477494245293,2.908290764790765,0.36,2.6,0.0,0.32,200954,70.3116570240515,3.4261864801864808,0.68,3.12,0.0,0.0,165685,0,100,BR1_2332622603
498,42.198860474979575,3.35294227994228,0.48,5.56,0.52,1.88,2057114,42.030421806332924,3.3612612942612934,0.44,4.56,0.4,1.4,62476,1,100,BR1_2332404604
499,43.51728080103709,4.223789321789322,0.6,5.92,0.52,1.44,872173,45.70221377856436,3.1278802308802307,0.52,5.16,0.4,1.8,3429800,0,200,BR1_2332453049
500,44.82864022907861,3.696161172161173,0.56,4.88,0.2,1.2,1084403,45.04026162349632,4.186428571428572,0.56,4.64,0.16,1.52,434790,1,200,BR1_2332422114
501,45.16725161911865,4.36359706959707,0.52,5.56,0.16,1.48,2834043,42.487879773830365,4.330528138528138,0.68,5.2,0.4,2.04,1576959,0,100,BR1_2332440748
502,71.31983473072641,4.7408253968253975,0.52,2.68,0.0,0.08,277595,61.36404895827799,4.078647992530345,0.64,3.6,0.0,0.72,350536,1,200,BR1_2332395319
503,60.68408597184345,3.086346405228758,0.56,3.44,0.04,0.6,245978,67.15483999222519,5.286802909508791,0.6,4.08,0.0,0.32,183969,1,100,BR1_2332392870
504,66.5443895663751,3.605333777333777,0.4,2.76,0.0,0.32,382393,63.193436128352026,3.8998778998779,0.52,3.12,0.0,0.36,186571,1,200,BR1_2332330648
505,62.81855069170856,3.819489941431117,0.64,3.28,0.0,0.32,216102,67.20695081189456,4.9865786435786426,0.56,3.52,0.08,0.32,102014,1,100,BR1_2331989955
